experiment,scenario,method,rate,hot,n,committed_mean,committed_sd,committed_ci95,admission_rejected_mean,admission_rejected_sd,admission_rejected_ci95,queue_timeout_mean,queue_timeout_sd,queue_timeout_ci95,client_error_mean,client_error_sd,client_error_ci95,completion_tps_mean,completion_tps_sd,completion_tps_ci95,latency_ms_mean,latency_ms_sd,latency_ms_ci95,latency_max_ms_mean,latency_max_ms_sd,latency_max_ms_ci95,mvcc_invalid_mean,mvcc_invalid_sd,mvcc_invalid_ci95,queue_wait_ms_mean,queue_wait_ms_sd,queue_wait_ms_ci95,fabric_ms_mean,fabric_ms_sd,fabric_ms_ci95,conflict_blocked_mean,conflict_blocked_sd,conflict_blocked_ci95,scd_selected_mean,scd_selected_sd,scd_selected_ci95,scd_edges_mean,scd_edges_sd,scd_edges_ci95,hot_key_rejected_mean,hot_key_rejected_sd,hot_key_rejected_ci95,ttl_expired_mean,ttl_expired_sd,ttl_expired_ci95
2,contention,pa-vscd,300,20,10,255.8,212.72872657709186,131.85063074723777,5744.1,212.6653343740922,131.81133985275233,0.0,0.0,0.0,0.1,0.31622776601683794,0.19599999999999998,235.26556032195836,10.869662729584995,6.737086758172969,591.6637333333333,39.94516864922233,24.75827203241444,8238.8,1102.414300020137,683.2834621879526,0.0,0.0,0.0,1971.322002959746,574.4834485744659,356.0685304104506,1249.2805513445442,588.0637816721612,364.48570806905803,96048.9,34290.33349194622,21253.3688900158,255.8,212.72872657709186,131.85063074723777,162.6,43.78025937692822,27.135285892071312,4137.5,175.4633548319674,108.75331404401227,474.7,69.97944142548026,43.37370716100814
2,contention,pa-vscd,300,50,10,3834.7,217.61640563156078,134.88004561090568,2164.9,217.24867983232693,134.65212679922865,0.0,0.0,0.0,0.4,1.2649110640673518,0.7839999999999999,220.2053441121465,10.527214625628739,6.524835224347023,573.4610333333334,26.59532907121423,16.483955737398574,8064.2,1220.4698366703792,756.4550418847697,0.0,0.0,0.0,663.0129536005765,41.04131892105598,25.437673009708625,105.61686823105298,5.764971541209583,3.5731663803896128,1200958.6,67564.46004487533,41876.88619376467,3834.7,217.61640563156078,134.88004561090568,2024.7,155.0756446240207,96.11688033962723,344.5,56.17482631135686,34.817518068415566,61.4,29.73288489945845,18.42863298722338
2,contention,pa-vscd,300,100,10,4541.8,255.92394703635426,158.62330576137498,1458.2,255.92394703635426,158.62330576137498,0.0,0.0,0.0,0.0,0.0,0.0,222.19551679069323,10.840357059342526,6.7189229155734616,595.4064500000001,58.54324082676248,36.28547659358436,8387.3,1298.3105303945329,804.7012037006862,0.0,0.0,0.0,511.9166962781636,23.39816982355556,14.502335905483706,128.21506963679585,6.279029128572149,3.8917825740027254,1111169.7,50037.01140833431,31013.260978200517,4541.8,255.92394703635426,158.62330576137498,2038.6,295.35522868422544,183.06306733048157,5.6,5.719362823873924,3.5448978045134734,17.2,5.028805910838963,3.1168861954770746
2,contention,pa-vscd,300,200,10,4520.7,202.41434402400108,125.45771020812815,1479.3,202.41434402400108,125.45771020812815,0.0,0.0,0.0,0.0,0.0,0.0,248.50094145567815,20.102561196256005,12.459696515885266,615.4817333333333,74.37434123618206,46.09769428506,5327.5,853.0887995982599,528.7499160094496,0.0,0.0,0.0,486.3825800453685,17.392967755457864,10.780273101914219,141.61073789822024,6.821212482341517,4.227831298241374,418109.8,19385.370685705813,12015.17723208413,4520.7,202.41434402400108,125.45771020812815,22398.8,1901.1241586668311,1178.328961407071,0.0,0.0,0.0,1.2,1.5491933384829668,0.9601999791710057
2,contention,pa-vscd,300,500,10,4598.6,276.276512051081,171.2379562493212,1401.4,276.276512051081,171.2379562493212,0.0,0.0,0.0,0.0,0.0,0.0,246.8835047710017,19.903826060214996,12.336519202410637,608.20485,48.57269483925329,30.105668165731934,5100.1,1180.1047458217897,731.436499376702,0.0,0.0,0.0,498.08410131328424,15.981405289980152,9.905377621613795,143.8760311451772,2.253927528443399,1.3969987554836774,249681.8,15326.992810796977,9499.768564776348,4598.6,276.276512051081,171.2379562493212,47222.9,2748.2223122916707,1703.3658365739022,0.0,0.0,0.0,0.3,0.9486832980505138,0.588
2,contention,traditional-lock,300,20,10,268.9,53.85463974647145,33.37945153666981,3908.7,133.0146608460887,82.44334093181813,1822.0,103.07494576493575,63.886513269842624,0.4,1.2649110640673518,0.7839999999999999,230.66356213128347,6.484948829719732,4.019412927065325,1895.2536833333334,88.23387070410492,54.68791964676413,7394.1,330.56465160220756,204.88609374858885,0.0,0.0,0.0,2400.9282060037576,220.7561599431334,136.82608549481478,922.2760599978416,168.35602919802815,104.34814797716564,0.0,0.0,0.0,0.0,0.0,0.0,0.0,0.0,0.0,0.0,0.0,0.0,0.0,0.0,0.0
2,contention,traditional-lock,300,50,10,1318.9,52.201426119301466,32.35477911461544,3203.9,53.895887288982145,33.40501702838463,1477.1,63.58450195518472,39.4100826128994,0.1,0.31622776601683794,0.19599999999999998,219.77049061033517,9.933591480865237,6.1569037873350965,1908.8658333333333,58.911444752240634,36.513691750977834,7873.5,1003.1889430987343,621.7829488030548,0.0,0.0,0.0,2407.28620114347,48.46499132548178,30.038912836289764,442.5220569063692,21.136545628449145,13.100566706578972,0.0,0.0,0.0,0.0,0.0,0.0,0.0,0.0,0.0,0.0,0.0,0.0,0.0,0.0,0.0
2,contention,traditional-lock,300,100,10,1868.1,95.51317535642225,59.19967941354637,3218.0,69.60683235941075,43.14276166918901,913.9,65.26092926773943,40.449143026219424,0.0,0.0,0.0,227.35863893633282,7.0347388901750705,4.360176336953591,1870.3801833333334,34.635184274804914,21.46710961965402,7511.0,448.6874685618537,278.09937421320774,0.0,0.0,0.0,2963.114746142939,102.3399204124963,63.430939836514,418.9302423231041,20.83254420992634,12.912144675265955,0.0,0.0,0.0,0.0,0.0,0.0,0.0,0.0,0.0,0.0,0.0,0.0,0.0,0.0,0.0
2,contention,traditional-lock,300,200,10,1859.3,86.84475292791794,53.826935529012275,3467.3,76.90405277573694,47.665625741548105,673.4,88.70450320524257,54.9796206930855,0.0,0.0,0.0,224.8004733559298,5.988454275046513,3.7116824138922047,1876.8336833333333,44.37263859565995,27.502446335741006,7494.7,743.2998572432109,460.70202453984405,0.0,0.0,0.0,3675.202830744563,164.60852491168103,102.02542075628989,428.5390151222589,17.930785672427874,11.11361610039244,0.0,0.0,0.0,0.0,0.0,0.0,0.0,0.0,0.0,0.0,0.0,0.0,0.0,0.0,0.0
2,contention,traditional-lock,300,500,10,1858.1,103.24237932597684,63.9902896661326,3554.3,122.7536376469372,76.08349286292146,587.6,73.82592137363858,45.75778013263609,0.0,0.0,0.0,223.30762333697817,7.602901599863217,4.712327232814352,1859.35175,66.30034965474199,41.093382456610414,7684.6,776.0435554786857,480.996778966346,0.0,0.0,0.0,3842.305366932218,136.8753571815344,84.83622531157582,430.93324717606447,20.92785071889784,12.971216261527042,0.0,0.0,0.0,0.0,0.0,0.0,0.0,0.0,0.0,0.0,0.0,0.0,0.0,0.0,0.0
3,ablation,pa-vscd,300,100,10,4643.3,502.26089944481157,311.30453069051924,1355.1,499.649532728247,309.68598883098053,0.0,0.0,0.0,1.6,4.718756898449704,2.9247158266516537,217.61529198766902,20.595891467761,12.765465786031614,568.8016666666666,76.32565810592445,47.30713301109883,8923.8,2036.2164150425879,1262.0600093892347,0.0,0.0,0.0,507.1519945123718,53.22007560311219,32.98614460582999,126.90549470238554,15.056253525948252,9.331962617503759,1142158.7,111117.52502448327,68871.35553947235,4643.3,502.26089944481157,311.30453069051924,2089.1,220.02244834965768,136.371326337728,4.0,2.748737083745107,1.7036848952262922,16.9,9.290975310602338,5.758606158515173
3,ablation,pa-vscd,500,100,10,3839.7,547.5880548165544,339.39859265340374,6160.3,547.5880548165544,339.39859265340374,0.0,0.0,0.0,0.0,0.0,0.0,375.86854291944206,16.984198257154354,10.526915141996106,625.58367,232.3938940738143,144.03922783947527,9220.6,2850.7507860990663,1766.9136430153505,0.0,0.0,0.0,641.2425280341757,77.83870406400652,48.24492861178083,154.3409108216827,25.192915469884877,15.614730781845752,1096125.4,154568.1923540545,95802.35816415175,3839.7,547.5880548165544,339.39859265340374,1768.5,245.7818590177522,152.3371744811124,73.1,19.133739833080202,11.859214813806181,42.9,18.35725711779646,11.377945840772643
3,ablation,pacc-dabs,300,100,10,5153.8,261.04865446885566,161.7996323357998,846.2,261.04865446885566,161.7996323357998,0.0,0.0,0.0,0.0,0.0,0.0,195.6635540344839,15.21937092320507,9.433063827764448,1628.9818,151.95541189227393,94.18294005624996,17361.5,2185.7380268966867,1354.7344645534372,0.0,0.0,0.0,1649.2500694053347,177.43632539772213,109.97617386988644,133.16707133670957,7.939639289784256,4.921039415352458,1662224.3,105905.8463605501,65641.12363732969,5153.8,261.04865446885566,161.7996323357998,10895.5,1185.2591137243649,734.6312097009402,0.0,0.0,0.0,0.0,0.0,0.0
3,ablation,pacc-dabs,500,100,10,5104.0,344.60218610256476,213.58664777243604,4894.3,343.80163854563966,213.0904632560234,0.0,0.0,0.0,1.7,2.8303906287138374,1.7542942867274134,246.16146558460233,33.58910527735221,20.81874313974848,1286.25385,135.09000751917014,83.72965412641062,23099.0,4569.273003200594,2832.0647484814167,0.0,0.0,0.0,2025.3885839868667,129.51400948855422,80.27361474136013,141.76982611284012,7.5267760432572395,4.665144123997851,1918004.3,150216.80931540253,93105.34301485465,5104.0,344.60218610256476,213.58664777243604,10096.1,1424.9665454162619,883.2034151192024,0.0,0.0,0.0,0.0,0.0,0.0
3,ablation,pacc-lpaac,300,100,10,3083.5,225.12478021458824,139.53378439169012,2916.5,225.12478021458824,139.53378439169012,0.0,0.0,0.0,0.0,0.0,0.0,271.8363869881009,17.92838920964699,11.112130757372219,98.04203333333334,79.15663626655571,49.06179145388144,2932.9,789.0084424277235,489.032499149994,0.0,0.0,0.0,0.1782552947593987,0.2611751830984683,0.1618780555929238,69.56243075553726,6.791166495211867,4.209208602481325,0.0,0.0,0.0,0.0,0.0,0.0,0.0,0.0,0.0,0.0,0.0,0.0,0.0,0.0,0.0
3,ablation,pacc-lpaac,500,100,10,4322.9,62.706458997458945,38.86586594944206,5677.1,62.706458997458945,38.86586594944206,0.0,0.0,0.0,0.0,0.0,0.0,453.66595174829035,0.716439730252055,0.4440539453512941,41.32392,0.8070905921890057,0.5002399316846267,2076.8,32.46810400651349,20.12393935369293,0.0,0.0,0.0,0.02820533941146291,0.0025211722756187643,0.0015626387658665185,76.27115605738992,1.6254933497356863,1.0074912160977996,0.0,0.0,0.0,0.0,0.0,0.0,0.0,0.0,0.0,0.0,0.0,0.0,0.0,0.0,0.0
3,ablation,traditional-lock,300,100,10,1890.0,89.5184648860533,55.484119369619826,3219.3,72.0602371476654,44.663397711225585,890.5,75.65014503915009,46.8884456745772,0.2,0.6324555320336759,0.39199999999999996,228.88697539992853,6.138949799956182,3.804960506622129,1865.4665666666667,45.144225201917905,27.98068066896052,7473.4,520.5693891201142,322.6522501572793,0.0,0.0,0.0,2971.5291372714537,90.36108979701113,56.0063837002572,414.4718898912623,20.05951319655708,12.43301508924375,0.0,0.0,0.0,0.0,0.0,0.0,0.0,0.0,0.0,0.0,0.0,0.0,0.0,0.0,0.0
3,ablation,traditional-lock,500,100,10,1814.7,67.59692629435487,41.89700898367064,7211.3,53.4562126105719,33.13250383938205,973.4,44.08375866209434,27.32339669790546,0.6,1.8973665961010275,1.176,372.83792555377977,13.009092169099489,8.063118862901284,1170.78488,12.22866662748731,7.579406100790944,7573.6,589.1563082540622,365.1628630600628,0.0,0.0,0.0,3067.090466611777,56.675792142938114,35.12801990772811,430.58890012608526,8.618038925294549,5.34151586571241,0.0,0.0,0.0,0.0,0.0,0.0,0.0,0.0,0.0,0.0,0.0,0.0,0.0,0.0,0.0
4,default-policy,pa-vscd,300,100,10,4002.3,479.6021615186209,297.2604994232051,1997.4,479.2496913579253,297.04203615425655,0.0,0.0,0.0,0.3,0.9486832980505138,0.588,217.91479309521674,11.24902984892331,6.972220934804222,615.9798833333333,99.90456183655176,61.92148895274906,9019.3,1578.853384931961,978.5834664189072,0.0,0.0,0.0,582.7020262521102,72.53913752876588,44.960223242639216,148.78956298445425,21.32614679323766,13.218082726018485,1009971.3,71238.05417994264,44153.80342827106,4002.3,479.6021615186209,297.2604994232051,1749.1,384.02183097666034,238.01919679443225,7.9,4.629614814791111,2.8694649907837055,30.6,17.024165830437102,10.551687300564248
4,default-policy,pa-vscd,500,100,10,3553.2,339.13576435797313,210.19852447309583,6446.8,339.13576435797313,210.19852447309583,0.0,0.0,0.0,0.0,0.0,0.0,371.74205197163303,17.02090634934818,10.549667053254927,694.2393,413.5256415913394,256.3058480689734,9396.6,2467.3908036178173,1529.3046641683636,0.0,0.0,0.0,689.9970146404515,54.142940111168805,33.558141953999176,167.87539090389322,18.411568101999823,11.411608137534062,974467.4,117605.31278645535,72892.52805497758,3553.2,339.13576435797313,210.19852447309583,1706.8,142.1734464971884,88.12001509053181,82.1,28.42709974654467,17.619298964487776,37.9,14.60935773171885,9.05497373454685
4,default-policy,traditional-lock,300,100,10,1744.9,116.46787826120413,72.18753883231278,3297.6,129.0083545959546,79.9602065919181,957.4,75.20963295276005,46.615413454731424,0.1,0.31622776601683794,0.19599999999999998,226.03468514110725,8.623249410047256,5.344745357620709,1868.1462666666666,61.463114955040645,38.09523332795046,7937.5,735.3829312375665,455.79506296385233,0.0,0.0,0.0,3004.452629629735,148.32062972557927,91.93007872896786,447.47462615361906,21.137987103888282,13.10146014231243,0.0,0.0,0.0,0.0,0.0,0.0,0.0,0.0,0.0,0.0,0.0,0.0,0.0,0.0,0.0
4,default-policy,traditional-lock,500,100,10,1788.7,112.60654214268962,69.79425791090075,7231.3,82.97395843141256,51.42779224418555,979.8,52.96497794664781,32.828033440271064,0.2,0.6324555320336759,0.39199999999999996,373.3441415554004,14.337539097247568,8.886498799447272,1169.40871,34.67553094802828,21.49211674679971,7743.8,870.3105192975665,539.4240484665102,0.0,0.0,0.0,3051.7500110154606,86.61610648365128,53.68521899462713,432.3370173304762,21.056382943950723,13.050881359970747,0.0,0.0,0.0,0.0,0.0,0.0,0.0,0.0,0.0,0.0,0.0,0.0,0.0,0.0,0.0
4,or-policy,pa-vscd,300,100,10,4062.6,140.48582372135158,87.07401565717907,1937.4,140.48582372135158,87.07401565717907,0.0,0.0,0.0,0.0,0.0,0.0,232.72717317945208,15.540687939673285,9.632218177874288,695.5210666666667,64.55868687482139,40.013888681714434,7736.8,1251.9730029038167,775.9809066104655,0.0,0.0,0.0,556.9856275564275,18.193988782288525,11.276751078014678,139.87543746918476,3.5451466578794286,2.1973046633336106,1004452.6,28873.00570198168,17895.674339005018,4062.6,140.48582372135158,87.07401565717907,1693.6,160.79607513175742,99.66243990145489,6.9,2.8460498941515415,1.764,27.7,7.04035983928852,4.36366023730843
4,or-policy,pa-vscd,500,100,10,4248.7,250.84570290652113,155.4757774403031,5751.3,250.84570290652113,155.4757774403031,0.0,0.0,0.0,0.0,0.0,0.0,369.9345980570382,18.254021155871673,11.313959528652978,538.64688,139.16083308199586,86.25277795062078,8260.2,1077.8771111154865,668.0751549419172,0.0,0.0,0.0,573.9819470774072,21.067013130849865,13.057470018071445,137.42741741405786,7.385771608473734,4.577748669874143,1198169.6,68462.92458972066,42433.76028805374,4248.7,250.84570290652113,155.4757774403031,1875.9,147.8140348170257,91.61608795160136,59.5,16.748134224444225,10.38060113866244,28.5,10.501322668015575,6.508787222755949
4,or-policy,traditional-lock,300,100,10,1869.5,102.26789438637242,63.386297643015,3195.9,117.81760856887603,73.02411034415657,934.6,64.88656769059885,40.21711131678488,0.0,0.0,0.0,225.57808097648257,2.2826230882875866,1.4147844477405722,1867.1586666666667,36.0557527980395,22.347587112383593,7785.8,830.347825378685,514.6549141594243,0.0,0.0,0.0,2898.888737669301,161.3881813627188,100.02943114555157,418.27009377414413,23.680560168215496,14.67736325444332,0.0,0.0,0.0,0.0,0.0,0.0,0.0,0.0,0.0,0.0,0.0,0.0,0.0,0.0,0.0
4,or-policy,traditional-lock,500,100,10,1835.0,93.83200117467625,58.15767686022008,7190.6,102.81504429475937,63.72542466969783,974.4,56.1331749799825,34.791702305770166,0.0,0.0,0.0,372.2174590636654,6.995687799381432,4.335972220117293,1179.68487,18.40626243912351,11.408319653613576,7637.0,880.5088175468646,545.7450192087061,0.0,0.0,0.0,3053.4055899017458,144.89098591237706,89.80436347045433,426.72655825637946,18.929838505043683,11.732835461358587,0.0,0.0,0.0,0.0,0.0,0.0,0.0,0.0,0.0,0.0,0.0,0.0,0.0,0.0,0.0
5,batch10-timeout2s,pa-vscd,300,100,10,3581.6,176.4446403581336,109.3615211143501,2418.1,176.53482501887396,109.41741814618813,0.0,0.0,0.0,0.3,0.9486832980505138,0.588,231.2310980258651,9.2488678413694,5.732507678695989,555.32435,16.80520058549816,10.4159712356892,6829.4,298.37567669708676,184.93516040433678,0.0,0.0,0.0,655.9812084600314,29.007661903605747,17.979135117452003,160.45062885243726,7.187557988047047,4.454894595126127,947390.7,33178.2296394957,20564.07978101107,3581.6,176.4446403581336,109.3615211143501,1465.3,171.76408239209965,106.46048123130008,12.2,5.88406511029766,3.646981339257014,25.7,5.207899981971834,3.2278898507986433
5,batch10-timeout2s,pa-vscd,500,100,10,4004.4,403.6858514571283,250.2070829586298,5995.3,404.154549646543,250.4975851061243,0.0,0.0,0.0,0.3,0.9486832980505138,0.588,380.32562177940906,11.292470854533038,6.999145949032901,345.18580000000003,7.805680796274813,4.838011080875172,7058.6,197.9361288676504,122.68208369784254,0.0,0.0,0.0,615.2553791957428,55.54833920344295,34.429217336010595,144.4311121755095,16.016502417345574,9.92713104652733,1113428.2,131955.08110784434,81786.60660607637,4004.4,403.6858514571283,250.2070829586298,1841.3,191.39084501499948,118.62527473612957,68.9,17.722866585290316,10.98474651505441,25.7,8.2334008094401,5.103114691593317
5,batch10-timeout2s,traditional-lock,300,100,10,1822.6,52.63332277812856,32.62247143713466,3224.6,52.54669880739946,32.5687813438302,952.8,50.86758408958608,31.52805525947397,0.0,0.0,0.0,223.08403520590653,9.527438813472571,5.905167756019226,1875.6728,50.61953904719619,31.374315349406018,7961.4,930.1597473313686,576.5189843172749,0.0,0.0,0.0,2895.47570516671,182.73099700745692,113.25784533276729,428.54576830206486,14.13020044845457,8.757988973522423,0.0,0.0,0.0,0.0,0.0,0.0,0.0,0.0,0.0,0.0,0.0,0.0,0.0,0.0,0.0
5,batch10-timeout2s,traditional-lock,500,100,10,1824.2,58.31485421590474,36.14392110561455,7201.7,51.46746545148692,31.89986557965409,974.1,72.72849052010727,45.07758544258258,0.0,0.0,0.0,373.4138103344146,13.685727170933559,8.482501581977306,1171.28981,27.776661892253273,17.21615340568088,7436.3,410.1574358977565,254.2182125515182,0.0,0.0,0.0,3062.494573010703,78.40034664983166,48.59303829300302,427.452589563233,15.622074928422421,9.682662356118843,0.0,0.0,0.0,0.0,0.0,0.0,0.0,0.0,0.0,0.0,0.0,0.0,0.0,0.0,0.0
5,batch5-timeout1s,pa-vscd,300,100,10,4163.7,147.0601162034689,91.14880435371113,1836.3,147.0601162034689,91.14880435371113,0.0,0.0,0.0,0.0,0.0,0.0,271.42062726804505,10.088215476734115,6.252740732876072,552.98855,15.947501573749818,9.884363880585148,5238.8,249.9852440089659,154.94245949025364,0.0,0.0,0.0,571.4696202314268,19.471573632264064,12.068606371903934,137.24155708428933,4.7607965083624615,2.950772246828438,1076540.5,51139.42776208327,31696.54571330279,4163.7,147.0601162034689,91.14880435371113,1789.8,147.42214517801892,91.37319223686755,9.1,4.629614814791111,2.8694649907837055,19.7,6.18331087147762,3.8324557836109903
5,batch5-timeout1s,pa-vscd,500,100,10,4184.5,100.6857046015526,62.405646254521265,5815.5,100.6857046015526,62.405646254521265,0.0,0.0,0.0,0.0,0.0,0.0,433.73640836808136,8.094505462390162,5.017026463590155,409.46676,38.8538308410209,24.08185385098223,6375.0,1458.888084962121,904.2282031532625,0.0,0.0,0.0,588.9492872429805,15.586425601650584,9.66056667446732,134.92130504539736,3.4688578393000524,2.1500203636976276,1167981.7,29471.15348211988,18266.410174076642,4184.5,100.6857046015526,62.405646254521265,2011.7,204.0032951803584,126.44255233811826,66.8,17.203358845166125,10.662752281762069,19.4,3.272783388968954,2.0284921603113095
5,batch5-timeout1s,traditional-lock,300,100,10,2264.5,58.48694061260362,36.2505813593229,2932.5,55.620240120940785,34.4737819863798,802.8,23.441653335699492,14.529287265535237,0.2,0.6324555320336759,0.39199999999999996,232.6777720442977,3.944943671714176,2.445101419762134,1846.29335,5.118159709448269,3.17226825363098,6039.1,275.1886019926455,170.56366260920484,0.0,0.0,0.0,2760.2629052617394,76.52354742408136,47.42978608121757,334.30066742119135,8.924406021320836,5.531404159133029,0.0,0.0,0.0,0.0,0.0,0.0,0.0,0.0,0.0,0.0,0.0,0.0,0.0,0.0,0.0
5,batch5-timeout1s,traditional-lock,500,100,10,2217.7,43.071129799695555,26.6957628265028,6946.7,40.42565192218096,25.056078650366125,835.5,14.431832100526176,8.944942208371785,0.1,0.31622776601683794,0.19599999999999998,388.4556120242074,5.533612644339195,3.429768650462945,1144.2071,3.837703511216066,2.3786332796541894,5997.2,290.271826626928,179.91234209284622,0.0,0.0,0.0,2897.1957011755326,58.673947697990585,36.36648955169173,340.5185142230763,7.529571368149183,4.666876684315757,0.0,0.0,0.0,0.0,0.0,0.0,0.0,0.0,0.0,0.0,0.0,0.0,0.0,0.0,0.0
5,batch50-timeout2s,pa-vscd,300,100,10,370.1,1.7919573407620817,1.1106666666666667,5629.9,1.7919573407620817,1.1106666666666667,0.0,0.0,0.0,0.0,0.0,0.0,233.91818956083208,0.5032375656772551,0.31190987469294545,615.96025,3.5989766706130726,2.2306688508895904,6471.4,24.914074558592603,15.441903394479725,0.0,0.0,0.0,2598.8351883796117,100.46790734793724,62.2706541181687,2103.397266692805,4.435849284908841,2.7493678711180567,65249.1,5125.987719454662,3177.1201044996706,370.1,1.7919573407620817,1.1106666666666667,323.7,83.13449611589911,51.52729453190588,0.0,0.0,0.0,313.1,6.539622822966678,4.05330021916298
5,batch50-timeout2s,pa-vscd,500,100,10,368.5,4.089281382128433,2.534562859526054,9631.5,4.089281382128433,2.534562859526054,0.0,0.0,0.0,0.0,0.0,0.0,389.5198884718448,0.6777808186067775,0.42009290366948643,374.97172,1.8984219059231382,1.176654087804303,6504.5,22.662989897873384,14.046666666666665,0.0,0.0,0.0,2680.6693316944165,73.87759684757049,45.78980892320761,2110.202001232037,3.544550599777256,2.196935222694361,62194.4,8060.919277601036,4996.209530587764,368.5,4.089281382128433,2.534562859526054,376.1,111.07600000800252,68.84561806760914,0.0,0.0,0.0,311.9,6.505553183413554,4.032183637793409
5,batch50-timeout2s,traditional-lock,300,100,10,338.6,2.1705094128132942,1.3452956717556346,4286.4,4.765617600176404,2.9537603904928447,1375.0,5.477225575051661,3.3948195828349994,0.0,0.0,0.0,227.77270491220617,0.5725005522221494,0.354839518518328,1774.1738333333333,7.203277260823427,4.4646375013325565,7277.5,36.987235035286915,22.924925784443058,0.0,0.0,0.0,3271.701177047328,74.74573968090091,46.32788942599212,2375.313071625382,6.399045551709162,3.966169523735666,0.0,0.0,0.0,0.0,0.0,0.0,0.0,0.0,0.0,0.0,0.0,0.0,0.0,0.0,0.0
5,batch50-timeout2s,traditional-lock,500,100,10,340.1,2.5144029554194813,1.5584430977385373,8295.8,3.4253953543107007,2.123082036411531,1364.1,3.7549966711037173,2.3273710490594315,0.0,0.0,0.0,379.81414882404107,0.9012359633797865,0.5585918372931004,1114.98581,2.9624036653628822,1.836116814550081,7282.4,29.10975399720475,18.042412452638118,0.0,0.0,0.0,3489.3864540600603,48.42371001814689,30.013326416920098,2383.7656521934514,5.631171110007532,3.490236013945429,0.0,0.0,0.0,0.0,0.0,0.0,0.0,0.0,0.0,0.0,0.0,0.0,0.0,0.0,0.0
6,related-baselines,drt,300,100,10,4842.3,187.74394501258593,116.36490269645549,1157.7,187.74394501258593,116.36490269645549,0.0,0.0,0.0,0.0,0.0,0.0,196.50917395879551,17.05731259196156,10.57223187620549,1631.6141,38.98068703780764,24.160480136344145,17535.2,2784.30708715033,1725.7314117458202,0.0,0.0,0.0,1852.6480648262818,115.50063758090877,71.58803684763318,138.34238978294493,8.782894938336014,5.443694681200758,1616387.2,87415.87713758487,54180.921981576845,0.0,0.0,0.0,0.0,0.0,0.0,0.0,0.0,0.0,0.0,0.0,0.0
6,related-baselines,drt,500,100,10,4751.5,193.9726498475723,120.2254939501417,5248.5,193.9726498475723,120.2254939501417,0.0,0.0,0.0,0.0,0.0,0.0,277.54042726534635,26.293229458225596,16.296712457367875,1110.10157,9.012887436215385,5.586245508258608,18329.3,2590.144571254663,1605.388237599865,0.0,0.0,0.0,2128.6342856084043,96.85706113944735,60.03262845148409,146.64399361769358,7.696987318465148,4.770642165365204,1713270.9,115914.71865168806,71844.68695427947,0.0,0.0,0.0,0.0,0.0,0.0,0.0,0.0,0.0,0.0,0.0,0.0
6,related-baselines,ed-mvcc,300,100,10,3102.7,75.34373084588908,46.698528189988075,2897.3,75.34373084588908,46.698528189988075,0.0,0.0,0.0,0.0,0.0,0.0,272.62211647853076,0.23020914417726693,0.14268510582445754,42.044066666666666,3.7224166178093507,2.307177722818257,2041.7,9.843779761859771,6.101237907179166,0.0,0.0,0.0,0.038397154642764955,0.004060379921838229,0.0025166495488505515,73.64677329533727,6.420507663244834,3.979471878282128,0.0,0.0,0.0,0.0,0.0,0.0,0.0,0.0,0.0,0.0,0.0,0.0,0.0,0.0,0.0
6,related-baselines,ed-mvcc,500,100,10,3869.6,111.65641744008964,69.20536451910517,6130.4,111.65641744008964,69.20536451910517,0.0,0.0,0.0,0.0,0.0,0.0,462.39394095693564,19.1015498180501,11.839263235785786,46.07484,1.991063854771559,1.2340741625909164,1740.8,738.361368918439,457.641117764176,0.0,0.0,0.0,0.03107239906675797,0.0036480758978313385,0.002261100867204906,90.35294501420907,4.67886417357633,2.899990059608272,0.0,0.0,0.0,0.0,0.0,0.0,0.0,0.0,0.0,0.0,0.0,0.0,0.0,0.0,0.0
6,related-baselines,pa-vscd,300,100,10,4440.8,132.62796755502882,82.20366594690962,1559.2,132.62796755502882,82.20366594690962,0.0,0.0,0.0,0.0,0.0,0.0,235.37266377801646,15.362449022003657,9.521744552160515,521.3468,5.482566472211914,3.3981299051909235,6986.4,1265.9796557958146,784.6623200151486,0.0,0.0,0.0,532.2855552029777,19.952238623064105,12.366525619740608,127.83643737765554,3.990789183480232,2.473516762346784,1126035.1,38615.54140340101,23934.160527395292,4440.8,132.62796755502882,82.20366594690962,1943.5,198.23400874275387,122.8667115572354,7.4,1.8973665961010275,1.176,12.8,4.802776974487434,2.976792009305767
6,related-baselines,pa-vscd,500,100,10,4049.3,195.20533348815604,120.98951918612158,5950.7,195.20533348815604,120.98951918612158,0.0,0.0,0.0,0.0,0.0,0.0,382.4399262124104,14.08434982316469,8.72957046154287,339.55594,4.159025195403355,2.5777905228462856,6843.9,547.7575396306491,339.50364042950827,0.0,0.0,0.0,611.1342538171435,26.973063853735017,16.718078181188446,140.04827949499574,6.898655648107725,4.275831069676271,1134161.7,66283.70664223097,41083.06701058475,4049.3,195.20533348815604,120.98951918612158,1893.2,173.1382235222611,107.31218272767438,65.1,14.647335745603856,9.07851275142453,21.1,6.854844191437825,4.248676447501687
6,related-baselines,traditional-lock,300,100,10,2029.4,77.067358705082,47.766843805207714,3133.4,70.55683288432571,43.73157809485803,837.2,16.98888525543163,10.529820173625419,0.0,0.0,0.0,225.39596236477348,1.5780216025932143,0.9780679223841506,1858.9587333333334,7.131155597485998,4.4199360312744735,7148.7,167.35660528743207,103.72869861968448,0.0,0.0,0.0,2990.7467653343942,87.62408946508113,54.30997331917221,384.91755673936785,14.290845481260389,8.857557796420359,0.0,0.0,0.0,0.0,0.0,0.0,0.0,0.0,0.0,0.0,0.0,0.0,0.0,0.0,0.0
6,related-baselines,traditional-lock,500,100,10,1964.4,80.85954901350036,50.117267709509726,7122.3,58.984084482360345,36.55871432215428,913.3,28.055698569492478,17.389102130037905,0.0,0.0,0.0,375.27922658646605,3.8072659106215347,2.3597678593539033,1149.04892,4.066581677745766,2.520493436985955,7164.4,139.33269537334013,86.35929930239126,0.0,0.0,0.0,3036.4062851984827,52.854069509167,32.75929167853379,393.0764659445655,14.689483694766027,9.104636320963788,0.0,0.0,0.0,0.0,0.0,0.0,0.0,0.0,0.0,0.0,0.0,0.0,0.0,0.0,0.0
