experiment,scenario,method,hot,rate,repeat,sent,committed,admission_rejected,queue_timeout,client_error,completion_tps,latency_ms,latency_max_ms,mvcc_invalid,queue_wait_ms,fabric_ms,conflict_blocked,scd_selected,scd_edges,hot_key_rejected,ttl_expired
2,contention,pa-vscd,20,300,1,6000,281,5719,0,0,246.2346616325358,576.4846666666666,9963.0,0,1208.0640569395018,732.6654804270463,88797,281,148,4379,419
2,contention,pa-vscd,20,300,2,6000,305,5695,0,0,235.06366307541626,566.2525,7011.0,0,1478.3049180327869,732.6590163934426,115131,305,153,4054,457
2,contention,pa-vscd,20,300,3,6000,420,5580,0,0,207.65556863016545,574.6558333333334,9608.0,0,1248.0714285714287,580.8190476190476,117411,420,142,4230,465
2,contention,pa-vscd,20,300,4,6000,127,5873,0,0,234.52157598499062,636.657,8885.0,0,2357.6299212598424,1769.4409448818897,76144,127,128,4242,553
2,contention,pa-vscd,20,300,5,6000,784,5216,0,0,234.22860712054967,543.6985,7923.0,0,1382.8265306122448,313.0140306122449,178345,784,243,4371,333
2,contention,pa-vscd,20,300,6,6000,129,5871,0,0,248.29298572315332,524.5636666666667,7077.0,0,2577.2868217054265,1516.8682170542636,65793,129,133,4189,417
2,contention,pa-vscd,20,300,7,6000,116,5884,0,0,236.9574661348288,634.8563333333333,6940.0,0,2172.7327586206898,1896.5862068965516,70179,116,98,4069,532
2,contention,pa-vscd,20,300,8,6000,134,5865,0,1,237.50148438427738,627.6273333333334,7509.0,0,2476.776119402985,1589.2313432835822,97463,134,207,3860,541
2,contention,pa-vscd,20,300,9,6000,137,5863,0,0,236.29489603024575,619.9133333333333,8766.0,0,2612.2554744525546,1625.7372262773722,83314,137,205,3919,508
2,contention,pa-vscd,20,300,10,6000,125,5875,0,0,235.90469450342061,611.9281666666667,8706.0,0,2199.272,1735.784,67912,125,169,4062,522
2,contention,pa-vscd,50,300,1,6000,3587,2413,0,0,208.0804577770071,614.7098333333333,9205.0,0,696.2734875940897,110.50543629774185,1116251,3587,1868,295,38
2,contention,pa-vscd,50,300,2,6000,3661,2339,0,0,226.53477308766895,589.5976666666667,7074.0,0,654.4446872439224,107.4405900027315,1165681,3661,1823,280,115
2,contention,pa-vscd,50,300,3,6000,3653,2343,0,4,226.43218356102346,566.3676666666667,6957.0,0,704.7653983027649,107.92061319463454,1141310,3653,2066,284,55
2,contention,pa-vscd,50,300,4,6000,4055,1945,0,0,236.29489603024575,536.219,9825.0,0,620.2187422934649,94.20542540073983,1271444,4055,2155,429,43
2,contention,pa-vscd,50,300,5,6000,4012,1988,0,0,227.3588480485032,576.67,7030.0,0,628.3227816550349,99.96984047856431,1244311,4012,2206,332,78
2,contention,pa-vscd,50,300,6,6000,3755,2245,0,0,212.35931195582924,588.2435,7784.0,0,712.8082556591212,110.53022636484687,1183714,3755,1947,426,44
2,contention,pa-vscd,50,300,7,6000,3742,2258,0,0,224.68544038346315,537.4553333333333,7034.0,0,690.4609834313202,110.50908605024051,1166707,3742,2089,396,28
2,contention,pa-vscd,50,300,8,6000,3784,2216,0,0,207.41867459466934,603.7811666666666,9630.0,0,662.4587737843552,108.93181818181819,1189134,3784,1914,330,100
2,contention,pa-vscd,50,300,9,6000,4286,1714,0,0,206.74683849626132,570.7996666666667,9085.0,0,586.5212319178721,99.04573028464769,1343981,4286,2275,361,78
2,contention,pa-vscd,50,300,10,6000,3812,2188,0,0,226.1420171867933,550.7665,7018.0,0,673.8551941238195,107.10991605456454,1187053,3812,1904,312,35
2,contention,pa-vscd,100,300,1,6000,4330,1670,0,0,225.7081593499605,590.4805,8054.0,0,524.4108545034642,132.19676674364896,1078361,4330,1688,4,22
2,contention,pa-vscd,100,300,2,6000,4300,1700,0,0,209.16126333403054,689.6945,9173.0,0,535.6888372093023,135.51581395348836,1060861,4300,1752,4,15
2,contention,pa-vscd,100,300,3,6000,4439,1561,0,0,225.12381809995497,573.3093333333334,8138.0,0,519.8661860779455,129.59608019824284,1111331,4439,2040,14,22
2,contention,pa-vscd,100,300,4,6000,4402,1598,0,0,225.51304217093886,660.619,7334.0,0,519.2074057246706,126.64288959563835,1108784,4402,1797,14,20
2,contention,pa-vscd,100,300,5,6000,4433,1567,0,0,225.1322652058084,641.4706666666667,6894.0,0,523.7617866004963,128.83442364087526,1039416,4433,1941,13,14
2,contention,pa-vscd,100,300,6,6000,4399,1601,0,0,225.08159207712797,541.5535,8847.0,0,528.4521482155035,133.75949079336212,1088676,4399,1967,1,12
2,contention,pa-vscd,100,300,7,6000,4981,1019,0,0,224.54249466711576,507.49033333333335,7821.0,0,463.7319815298133,113.96225657498495,1187930,4981,2450,3,9
2,contention,pa-vscd,100,300,8,6000,4930,1070,0,0,205.90960568310513,533.4266666666666,11351.0,0,475.28275862068966,121.82292089249493,1190864,4930,2604,2,20
2,contention,pa-vscd,100,300,9,6000,4793,1207,0,0,212.02911866563008,619.839,9023.0,0,514.4124765282704,130.37366993532234,1142163,4793,2162,0,14
2,contention,pa-vscd,100,300,10,6000,4411,1589,0,0,243.75380865326022,596.181,7238.0,0,514.3525277714804,129.44638403990024,1103311,4411,1985,1,24
2,contention,pa-vscd,200,300,1,6000,4370,1630,0,0,291.3611421356772,558.1721666666666,5202.0,0,487.4693363844394,138.77002288329518,400952,4370,21669,0,4
2,contention,pa-vscd,200,300,2,6000,4840,1160,0,0,228.76315388134816,592.9256666666666,6957.0,0,484.120041322314,138.31611570247935,446707,4840,24363,0,0
2,contention,pa-vscd,200,300,3,6000,4823,1177,0,0,266.1343978709248,507.3546666666667,3807.0,0,446.35911258552767,127.10989010989012,447789,4823,21408,0,0
2,contention,pa-vscd,200,300,4,6000,4368,1632,0,0,230.52983440273562,614.4146666666667,5038.0,0,485.84913003663,154.23626373626374,405360,4368,20727,0,1
2,contention,pa-vscd,200,300,5,6000,4768,1232,0,0,227.6694239963573,731.4626666666667,6344.0,0,508.2376258389262,143.20281040268458,442996,4768,26521,0,1
2,contention,pa-vscd,200,300,6,6000,4395,1605,0,0,243.71420447621756,515.242,5088.0,0,487.51626848691694,141.40113765642775,406387,4395,20749,0,0
2,contention,pa-vscd,200,300,7,6000,4413,1587,0,0,244.140625,611.9895,5009.0,0,485.7622932245638,144.32313618853388,411297,4413,23209,0,0
2,contention,pa-vscd,200,300,8,6000,4383,1617,0,0,243.89252469411812,690.0318333333333,5700.0,0,501.1275382158339,145.87223362993385,410235,4383,22239,0,3
2,contention,pa-vscd,200,300,9,6000,4462,1538,0,0,244.16049483193618,666.6268333333334,5150.0,0,474.43074854325414,142.43836844464366,405409,4462,22676,0,3
2,contention,pa-vscd,200,300,10,6000,4385,1615,0,0,264.6436132674665,666.5973333333334,4980.0,0,502.95370581527936,140.43740022805017,403966,4385,20427,0,0
2,contention,pa-vscd,500,300,1,6000,4323,1677,0,0,259.0226213089276,635.0606666666666,3843.0,0,512.9243580846635,147.54938699976867,234558,4323,45812,0,0
2,contention,pa-vscd,500,300,2,6000,4770,1230,0,0,269.07036189963674,657.8055,3975.0,0,486.69203354297696,140.15073375262054,255406,4770,46772,0,0
2,contention,pa-vscd,500,300,3,6000,4987,1013,0,0,238.29381627546766,535.007,5486.0,0,466.3523160216563,141.13775817124522,269569,4987,51455,0,3
2,contention,pa-vscd,500,300,4,6000,4920,1080,0,0,221.64758034724787,559.3641666666666,6651.0,0,483.79939024390245,144.39654471544716,265243,4920,48880,0,0
2,contention,pa-vscd,500,300,5,6000,4620,1380,0,0,233.3450005833625,647.294,5952.0,0,503.0339826839827,143.51298701298703,251629,4620,47445,0,0
2,contention,pa-vscd,500,300,6,6000,4340,1660,0,0,242.68899405411966,652.0695,6195.0,0,518.5216589861751,145.16082949308756,241105,4340,45705,0,0
2,contention,pa-vscd,500,300,7,6000,4334,1666,0,0,243.3386056697895,651.0328333333333,4706.0,0,495.28287955699125,143.37425011536686,231307,4334,43380,0,0
2,contention,pa-vscd,500,300,8,6000,4332,1668,0,0,265.36930561698364,558.6028333333334,3808.0,0,498.1209602954755,143.13527239150508,232439,4332,45417,0,0
2,contention,pa-vscd,500,300,9,6000,4450,1550,0,0,276.8166089965398,625.2648333333333,3895.0,0,514.7173033707866,143.6476404494382,244150,4450,45481,0,0
2,contention,pa-vscd,500,300,10,6000,4910,1090,0,0,219.24215295794204,560.5471666666666,6490.0,0,501.39613034623216,146.6949083503055,271412,4910,51882,0,0
2,contention,traditional-lock,20,300,1,6000,264,3910,1826,0,237.73674617640066,1861.8903333333333,7313.0,0,2207.435606060606,882.280303030303,0,0,0,0,0
2,contention,traditional-lock,20,300,2,6000,232,4082,1686,0,228.39741149600306,1818.0096666666666,7309.0,0,2244.478448275862,1035.3103448275863,0,0,0,0,0
2,contention,traditional-lock,20,300,3,6000,251,3973,1776,0,221.3777072648784,1866.9383333333333,7311.0,0,2673.3545816733067,989.5298804780876,0,0,0,0,0
2,contention,traditional-lock,20,300,4,6000,384,3711,1905,0,240.30759371996155,1906.7083333333333,7176.0,0,2685.6796875,610.7526041666666,0,0,0,0,0
2,contention,traditional-lock,20,300,5,6000,314,3903,1779,4,231.76761433868973,1905.1645,7171.0,0,2383.480891719745,771.1942675159236,0,0,0,0,0
2,contention,traditional-lock,20,300,6,6000,203,3844,1953,0,237.9913529808417,1939.3855,7233.0,0,2667.8916256157636,1135.9261083743843,0,0,0,0,0
2,contention,traditional-lock,20,300,7,6000,232,4004,1764,0,227.36746371594225,1851.4033333333334,7264.0,0,2311.676724137931,1041.9137931034484,0,0,0,0,0
2,contention,traditional-lock,20,300,8,6000,293,3827,1880,0,231.43683702989392,1940.983,7308.0,0,2056.9658703071673,816.8156996587031,0,0,0,0,0
2,contention,traditional-lock,20,300,9,6000,222,4098,1680,0,222.26338210779772,1767.5721666666666,7578.0,0,2496.9954954954956,1112.3063063063064,0,0,0,0,0
2,contention,traditional-lock,20,300,10,6000,294,3735,1971,0,227.9895124824258,2094.4816666666666,8278.0,0,2281.3231292517007,826.7312925170068,0,0,0,0,0
2,contention,traditional-lock,50,300,1,6000,1239,3254,1507,0,230.3528237416977,1898.4108333333334,7278.0,0,2376.062146892655,458.2679580306699,0,0,0,0,0
2,contention,traditional-lock,50,300,2,6000,1278,3221,1501,0,221.2552548123018,1913.885,7912.0,0,2397.2738654147106,456.9608763693271,0,0,0,0,0
2,contention,traditional-lock,50,300,3,6000,1326,3219,1454,1,225.49609140108237,1878.184,6997.0,0,2466.5656108597286,428.52790346907994,0,0,0,0,0
2,contention,traditional-lock,50,300,4,6000,1399,3174,1427,0,206.7539627842867,1873.614,9768.0,0,2376.84345961401,423.6819156540386,0,0,0,0,0
2,contention,traditional-lock,50,300,5,6000,1288,3301,1411,0,229.0863273643618,1865.0955,6938.0,0,2448.0201863354037,436.50388198757764,0,0,0,0,0
2,contention,traditional-lock,50,300,6,6000,1307,3099,1594,0,205.57097337855893,2060.534,8193.0,0,2413.289977046672,477.061973986228,0,0,0,0,0
2,contention,traditional-lock,50,300,7,6000,1379,3220,1401,0,231.14261499345096,1859.7503333333334,6981.0,0,2480.54242204496,409.61421319796955,0,0,0,0,0
2,contention,traditional-lock,50,300,8,6000,1379,3197,1424,0,209.7242126603516,1881.1328333333333,9396.0,0,2425.8738216098623,423.5975344452502,0,0,0,0,0
2,contention,traditional-lock,50,300,9,6000,1278,3181,1541,0,224.2739132059956,1927.786,7372.0,0,2332.8928012519564,457.28090766823163,0,0,0,0,0
2,contention,traditional-lock,50,300,10,6000,1316,3173,1511,0,214.04873176126432,1930.2658333333334,7900.0,0,2355.497720364742,453.72340425531917,0,0,0,0,0
2,contention,traditional-lock,100,300,1,6000,1852,3181,967,0,221.26341409447946,1862.823,7291.0,0,2848.8855291576674,420.2100431965443,0,0,0,0,0
2,contention,traditional-lock,100,300,2,6000,1858,3197,945,0,226.84310018903594,1868.3016666666667,7784.0,0,2892.4725511302477,419.27610333692144,0,0,0,0,0
2,contention,traditional-lock,100,300,3,6000,1800,3261,939,0,240.10564648445316,1859.7485,6804.0,0,2973.29,429.3933333333333,0,0,0,0,0
2,contention,traditional-lock,100,300,4,6000,1845,3230,925,0,223.830485712154,1875.4243333333334,7688.0,0,2978.2065040650405,424.5192411924119,0,0,0,0,0
2,contention,traditional-lock,100,300,5,6000,1788,3319,893,0,228.07617744326606,1850.4256666666668,7473.0,0,3031.5274049217,434.903803131991,0,0,0,0,0
2,contention,traditional-lock,100,300,6,6000,1835,3137,1028,0,221.27973446431866,1964.8943333333334,7872.0,0,2974.799455040872,434.41689373297004,0,0,0,0,0
2,contention,traditional-lock,100,300,7,6000,1907,3254,839,0,226.80880018144703,1857.8075,6869.0,0,3149.1824855794443,406.15941269008914,0,0,0,0,0
2,contention,traditional-lock,100,300,8,6000,2029,3137,834,0,226.62889518413596,1861.1246666666666,7269.0,0,2993.636766880237,386.34894036471167,0,0,0,0,0
2,contention,traditional-lock,100,300,9,6000,2027,3146,827,0,219.7158341877838,1864.2391666666667,7939.0,0,3008.866304884065,385.1258016773557,0,0,0,0,0
2,contention,traditional-lock,100,300,10,6000,1740,3318,942,0,239.0343014222541,1839.013,8121.0,0,2780.280459770115,448.94885057471265,0,0,0,0,0
2,contention,traditional-lock,200,300,1,6000,1887,3397,716,0,221.1900022119,1927.4935,7951.0,0,3683.128245892952,429.5622681505034,0,0,0,0,0
2,contention,traditional-lock,200,300,2,6000,1741,3568,691,0,232.19814241486068,1788.7635,7927.0,0,3578.115450890293,427.4095347501436,0,0,0,0,0
2,contention,traditional-lock,200,300,3,6000,1857,3426,717,0,222.57669621990576,1880.664,7250.0,0,3553.467959073775,433.10177705977384,0,0,0,0,0
2,contention,traditional-lock,200,300,4,6000,1843,3437,720,0,220.2966661771185,1891.8985,7816.0,0,3607.8166033640805,432.47151383613675,0,0,0,0,0
2,contention,traditional-lock,200,300,5,6000,1855,3449,696,0,220.68559658672945,1857.2578333333333,7405.0,0,3517.8398921832886,431.97304582210245,0,0,0,0,0
2,contention,traditional-lock,200,300,6,6000,1799,3486,715,0,226.4834667069304,1859.1143333333334,7982.0,0,3628.8827126181213,442.20733740967205,0,0,0,0,0
2,contention,traditional-lock,200,300,7,6000,1768,3428,804,0,221.6557685913776,1953.0898333333334,8436.0,0,3645.2799773755655,460.25904977375563,0,0,0,0,0
2,contention,traditional-lock,200,300,8,6000,1957,3427,616,0,223.17277292170354,1879.701,7291.0,0,3681.205416453756,407.9856923863056,0,0,0,0,0
2,contention,traditional-lock,200,300,9,6000,1850,3638,512,0,238.41691170627035,1851.6896666666667,5725.0,0,4100.212972972973,426.8816216216216,0,0,0,0,0
2,contention,traditional-lock,200,300,10,6000,2036,3417,547,0,221.32871002250172,1878.6646666666666,7164.0,0,3756.079076620825,393.53831041257365,0,0,0,0,0
2,contention,traditional-lock,500,300,1,6000,2012,3481,507,0,208.79006159306817,1890.0716666666667,9517.0,0,3928.3320079522864,401.3444333996024,0,0,0,0,0
2,contention,traditional-lock,500,300,2,6000,2013,3494,493,0,223.02345463331227,1881.3313333333333,7289.0,0,3938.339294585196,396.25782414307,0,0,0,0,0
2,contention,traditional-lock,500,300,3,6000,1644,3881,475,0,225.07314877335133,1689.1688333333334,6772.0,0,4064.9245742092457,471.463503649635,0,0,0,0,0
2,contention,traditional-lock,500,300,4,6000,1857,3464,679,0,221.68852761869573,1922.2533333333333,7875.0,0,3791.115239633818,437.0732364028002,0,0,0,0,0
2,contention,traditional-lock,500,300,5,6000,1820,3570,610,0,240.24024024024024,1844.5708333333334,7765.0,0,3675.4587912087914,430.1263736263736,0,0,0,0,0
2,contention,traditional-lock,500,300,6,6000,1849,3547,604,0,225.7166503649086,1830.6395,7516.0,0,3670.362898864251,433.47971876690104,0,0,0,0,0
2,contention,traditional-lock,500,300,7,6000,1849,3485,666,0,220.43425548330208,1918.4228333333333,8246.0,0,3771.746890210925,442.782585181179,0,0,0,0,0
2,contention,traditional-lock,500,300,8,6000,1851,3526,623,0,222.93230289068885,1868.9296666666667,7668.0,0,3763.9124797406807,427.8044300378174,0,0,0,0,0
2,contention,traditional-lock,500,300,9,6000,1855,3494,651,0,221.66395744052016,1882.982,7118.0,0,3803.900269541779,435.09703504043125,0,0,0,0,0
2,contention,traditional-lock,500,300,10,6000,1831,3601,568,0,223.51363433169422,1865.1475,7080.0,0,4014.961223375205,433.90333151283454,0,0,0,0,0
3,ablation,pa-vscd,100,300,1,6000,4780,1220,0,0,191.0949742021785,524.7131666666667,11482.0,0,501.5995815899582,121.8734309623431,1223880,4780,2057,3,8
3,ablation,pa-vscd,100,300,2,6000,5057,943,0,0,204.63847203274216,521.0196666666667,12203.0,0,458.68044295036583,119.76903302353173,1255820,5057,2121,2,14
3,ablation,pa-vscd,100,300,3,6000,4504,1496,0,0,217.84119376974186,696.8825,8659.0,0,526.2850799289521,130.33880994671404,1110701,4504,1988,1,23
3,ablation,pa-vscd,100,300,4,6000,4338,1662,0,0,225.09848058525603,658.8798333333333,8691.0,0,525.445366528354,131.81765790686953,1103120,4338,2001,10,21
3,ablation,pa-vscd,100,300,5,6000,4325,1675,0,0,224.6433786364147,670.4501666666666,7745.0,0,530.5597687861272,134.6307514450867,1039872,4325,1956,4,18
3,ablation,pa-vscd,100,300,6,6000,3817,2168,0,15,200.98482564566373,535.737,10169.0,0,590.4003143830233,154.5907780979827,957073,3817,1673,2,33
3,ablation,pa-vscd,100,300,7,6000,5042,958,0,0,203.51400854758836,561.1365,7540.0,0,489.8710829036097,122.2814359381198,1213409,5042,2164,7,28
3,ablation,pa-vscd,100,300,8,6000,5314,686,0,0,265.6512884087488,491.97766666666666,5057.0,0,427.22224313135115,102.5440346255175,1280929,5314,2430,4,6
3,ablation,pa-vscd,100,300,9,6000,5164,835,0,1,225.20831769386683,503.457,9039.0,0,446.62199845081335,110.05383423702555,1215423,5164,2410,2,7
3,ablation,pa-vscd,100,300,10,6000,4092,1908,0,0,217.47798035448912,523.7631666666666,8653.0,0,574.8340664711633,141.1551808406647,1021360,4092,2091,5,11
3,ablation,pa-vscd,100,500,1,10000,4139,5861,0,0,394.5240067858129,346.9455,9604.0,0,582.8613191592171,138.5472336313119,1191176,4139,1859,66,42
3,ablation,pa-vscd,100,500,2,10000,4338,5662,0,0,389.62050962362656,346.8666,8434.0,0,569.4273858921161,134.31604426002767,1266495,4338,1903,58,24
3,ablation,pa-vscd,100,500,3,10000,4492,5508,0,0,387.431715160203,351.0491,6939.0,0,576.6012911843277,131.49510240427426,1262706,4492,1919,97,18
3,ablation,pa-vscd,100,500,4,10000,3814,6186,0,0,386.5331838738356,607.8505,6963.0,0,620.1557420031463,149.5655479811222,1150378,3814,1770,71,59
3,ablation,pa-vscd,100,500,5,10000,4288,5712,0,0,334.4929087503345,637.7704,11500.0,0,638.4102145522388,148.61497201492537,1179616,4288,2084,50,42
3,ablation,pa-vscd,100,500,6,10000,3864,6136,0,0,375.5586434821798,642.2139,9523.0,0,632.0859213250518,146.19332298136646,1085037,3864,1825,62,26
3,ablation,pa-vscd,100,500,7,10000,3802,6198,0,0,376.5627353517096,825.7222,7067.0,0,625.1417674907943,154.4366123093109,1072466,3802,1736,96,47
3,ablation,pa-vscd,100,500,8,10000,2599,7401,0,0,366.3540445486518,1072.0248,16096.0,0,841.127741439015,220.26587148903425,748492,2599,1150,54,81
3,ablation,pa-vscd,100,500,9,10000,3507,6493,0,0,373.7339761557723,719.3512,9062.0,0,657.7402338180781,161.9791844881665,1012795,3507,1677,74,49
3,ablation,pa-vscd,100,500,10,10000,3554,6446,0,0,373.8737054622948,706.0425,7018.0,0,668.8736634777715,157.99521665728756,992093,3554,1762,103,41
3,ablation,pacc-dabs,100,300,1,6000,5319,681,0,0,229.71782993223323,1619.9956666666667,14921.0,0,1674.4530926865953,120.46136491821771,1861664,5319,12138,0,0
3,ablation,pacc-dabs,100,300,2,6000,5492,508,0,0,195.01413852504308,1477.7946666666667,16155.0,0,1463.0620903131828,125.930262199563,1748751,5492,10767,0,0
3,ablation,pacc-dabs,100,300,3,6000,5130,870,0,0,190.50038100076202,1666.4356666666667,17041.0,0,1640.8879142300195,136.29844054580897,1652788,5130,10344,0,0
3,ablation,pacc-dabs,100,300,4,6000,5241,759,0,0,180.81002892960464,1474.8815,19925.0,0,1511.6447242892577,129.63957260064873,1611010,5241,12023,0,0
3,ablation,pacc-dabs,100,300,5,6000,5282,718,0,0,186.7762420620097,1623.8343333333332,18468.0,0,1582.2466868610375,137.31560015145777,1584988,5282,8361,0,0
3,ablation,pacc-dabs,100,300,6,6000,5512,488,0,0,182.36527765113522,1482.9095,13337.0,0,1464.587626995646,124.59941944847606,1786830,5512,12101,0,0
3,ablation,pacc-dabs,100,300,7,6000,5032,968,0,0,192.85163281049114,1706.5846666666666,19505.0,0,1655.501788553259,138.6460651828299,1662898,5032,10165,0,0
3,ablation,pacc-dabs,100,300,8,6000,4786,1214,0,0,213.15144410103377,1642.7001666666667,16512.0,0,1737.8430839949854,133.42561638111158,1560992,4786,10380,0,0
3,ablation,pacc-dabs,100,300,9,6000,4802,1198,0,0,199.44819333178208,1603.0956666666666,17984.0,0,1687.453977509371,138.82361516034985,1529176,4802,10869,0,0
3,ablation,pacc-dabs,100,300,10,6000,4942,1058,0,0,186.000372000744,1991.5861666666667,19767.0,0,2074.819708619992,146.53075677863214,1623146,4942,11807,0,0
3,ablation,pacc-dabs,100,500,1,10000,5412,4588,0,0,257.0033410434336,1094.8126,18974.0,0,1844.7671840354767,132.91278640059127,1974665,5412,10977,0,0
3,ablation,pacc-dabs,100,500,2,10000,4802,5198,0,0,202.36770211474249,1301.2736,29437.0,0,2116.8465222823825,148.9131611828405,1928406,4802,7720,0,0
3,ablation,pacc-dabs,100,500,3,10000,5342,4658,0,0,289.469113645574,1334.513,16914.0,0,2049.505054286784,139.90565331336578,1884115,5342,12105,0,0
3,ablation,pacc-dabs,100,500,4,10000,4701,5299,0,0,275.8240242725141,1400.17,19801.0,0,2136.5598808764094,147.38523718357797,1814898,4701,8289,0,0
3,ablation,pacc-dabs,100,500,5,10000,5562,4438,0,0,284.8678213309025,1098.1745,20600.0,0,1806.24253865516,127.60248112189859,2194029,5562,10548,0,0
3,ablation,pacc-dabs,100,500,6,10000,5076,4917,0,7,266.4819058785908,1354.6824,21496.0,0,2059.7429078014184,141.00925925925927,1756552,5076,11767,0,0
3,ablation,pacc-dabs,100,500,7,10000,4817,5183,0,0,231.76045239640305,1265.4476,25012.0,0,2077.421008926718,143.66369109404192,1770547,4817,10001,0,0
3,ablation,pacc-dabs,100,500,8,10000,5235,4761,0,4,236.27256402986487,1441.255,22554.0,0,2105.831518624642,148.68252148997135,1903857,5235,10801,0,0
3,ablation,pacc-dabs,100,500,9,10000,5463,4537,0,0,195.50342130987292,1131.9167,31165.0,0,1889.5011898224418,137.31612667032766,2145228,5463,9460,0,0
3,ablation,pacc-dabs,100,500,10,10000,4630,5364,0,6,222.06430982412508,1440.2931,25037.0,0,2167.4680345572356,150.307343412527,1807746,4630,9293,0,0
3,ablation,pacc-lpaac,100,300,1,6000,2950,3050,0,0,299.5955460128826,294.13033333333334,3154.0,0,0.0288135593220339,69.45389830508475,0,0,0,0,0
3,ablation,pacc-lpaac,100,300,2,6000,3149,2851,0,0,247.65757213026788,149.13466666666667,2778.0,0,0.038424896792632585,76.38996506827564,0,0,0,0,0
3,ablation,pacc-lpaac,100,300,3,6000,3226,2774,0,0,245.9621218332377,129.63333333333333,4529.0,0,0.0347179169249845,72.58586484810911,0,0,0,0,0
3,ablation,pacc-lpaac,100,300,4,6000,3255,2745,0,0,262.61653608788896,56.60916666666667,2787.0,0,0.034101382488479264,65.2294930875576,0,0,0,0,0
3,ablation,pacc-lpaac,100,300,5,6000,2770,3230,0,0,299.77516862353235,68.72983333333333,3264.0,0,0.3729241877256318,76.15776173285198,0,0,0,0,0
3,ablation,pacc-lpaac,100,300,6,6000,3309,2691,0,0,272.72727272727275,38.364333333333335,2057.0,0,0.038077969174977334,65.20550015110305,0,0,0,0,0
3,ablation,pacc-lpaac,100,300,7,6000,2772,3228,0,0,272.47956403269757,83.03016666666667,3587.0,0,0.8113275613275613,79.68470418470419,0,0,0,0,0
3,ablation,pacc-lpaac,100,300,8,6000,3251,2749,0,0,272.5414490120372,35.11966666666667,2028.0,0,0.034450938172869885,60.73454321747155,0,0,0,0,0
3,ablation,pacc-lpaac,100,300,9,6000,2842,3158,0,0,272.5414490120372,90.5095,3110.0,0,0.35467980295566504,70.46164672765659,0,0,0,0,0
3,ablation,pacc-lpaac,100,300,10,6000,3311,2689,0,0,272.4671904091549,35.159333333333336,2035.0,0,0.03503473270915131,59.72093023255814,0,0,0,0,0
3,ablation,pacc-lpaac,100,500,1,10000,4344,5656,0,0,452.7755139002083,41.5235,2118.0,0,0.02440147329650092,76.58172191528546,0,0,0,0,0
3,ablation,pacc-lpaac,100,500,2,10000,4367,5633,0,0,454.1738577527477,41.2283,2060.0,0,0.029081749484772153,75.84085184337073,0,0,0,0,0
3,ablation,pacc-lpaac,100,500,3,10000,4339,5661,0,0,454.56611664166553,41.4472,2047.0,0,0.0260428670200507,76.87416455404471,0,0,0,0,0
3,ablation,pacc-lpaac,100,500,4,10000,4375,5625,0,0,453.80286803412594,40.1609,2068.0,0,0.029485714285714285,74.19542857142856,0,0,0,0,0
3,ablation,pacc-lpaac,100,500,5,10000,4376,5624,0,0,453.9264639128461,40.8851,2066.0,0,0.030850091407678245,74.8050731261426,0,0,0,0,0
3,ablation,pacc-lpaac,100,500,6,10000,4345,5655,0,0,453.1448250860975,42.2734,2110.0,0,0.02991944764096663,76.16777905638665,0,0,0,0,0
3,ablation,pacc-lpaac,100,500,7,10000,4334,5666,0,0,453.8852578068264,40.0705,2051.0,0,0.02561144439317028,74.23142593447162,0,0,0,0,0
3,ablation,pacc-lpaac,100,500,8,10000,4328,5672,0,0,454.0707442219498,41.2113,2068.0,0,0.027726432532347505,76.48682994454714,0,0,0,0,0
3,ablation,pacc-lpaac,100,500,9,10000,4185,5815,0,0,452.2431259044863,41.9333,2136.0,0,0.03225806451612903,78.64348864994027,0,0,0,0,0
3,ablation,pacc-lpaac,100,500,10,10000,4236,5764,0,0,454.0707442219498,42.5057,2044.0,0,0.02667610953729934,78.8847969782814,0,0,0,0,0
3,ablation,traditional-lock,100,300,1,6000,1780,3230,990,0,239.37761819269898,1881.2986666666666,7929.0,0,2850.811797752809,436.9629213483146,0,0,0,0,0
3,ablation,traditional-lock,100,300,2,6000,1870,3165,965,0,239.97120345558534,1887.533,8018.0,0,2818.7443850267377,415.5224598930481,0,0,0,0,0
3,ablation,traditional-lock,100,300,3,6000,1996,3143,861,0,223.76370552696352,1870.1535,7228.0,0,2970.827154308617,393.04258517034066,0,0,0,0,0
3,ablation,traditional-lock,100,300,4,6000,1936,3202,860,2,221.4594175617318,1860.4585,7202.0,0,3016.526859504132,404.5361570247934,0,0,0,0,0
3,ablation,traditional-lock,100,300,5,6000,1777,3341,882,0,228.68468193772156,1826.6443333333334,7816.0,0,3047.1148002250984,433.6353404614519,0,0,0,0,0
3,ablation,traditional-lock,100,300,6,6000,1858,3287,855,0,227.47952684258416,1830.4451666666666,6908.0,0,2973.8471474703983,420.1318622174381,0,0,0,0,0
3,ablation,traditional-lock,100,300,7,6000,1848,3257,895,0,228.47568637904118,1860.2998333333333,7217.0,0,3045.152056277056,418.54816017316017,0,0,0,0,0
3,ablation,traditional-lock,100,300,8,6000,1840,3154,1006,0,228.07617744326606,1974.0201666666667,8385.0,0,2926.5010869565217,441.43695652173915,0,0,0,0,0
3,ablation,traditional-lock,100,300,9,6000,1947,3285,768,0,224.60133263457365,1812.4056666666668,6861.0,0,3113.039034411916,401.84386235233694,0,0,0,0,0
3,ablation,traditional-lock,100,300,10,6000,2048,3129,823,0,226.98040402511916,1851.4068333333332,7170.0,0,2952.72705078125,379.05859375,0,0,0,0,0
3,ablation,traditional-lock,100,500,1,10000,1978,7146,876,0,351.92679922576104,1166.0549,8887.0,0,3124.154196157735,411.4762386248736,0,0,0,0,0
3,ablation,traditional-lock,100,500,2,10000,1836,7133,1025,6,373.9296264443032,1183.0923,7151.0,0,3052.1029411764707,428.4520697167756,0,0,0,0,0
3,ablation,traditional-lock,100,500,3,10000,1866,7127,1007,0,355.20193229851174,1194.3598,8128.0,0,2982.5101822079314,432.2963558413719,0,0,0,0,0
3,ablation,traditional-lock,100,500,4,10000,1767,7224,1009,0,373.72000896928023,1171.2222,7202.0,0,3032.9343520090547,438.36559139784947,0,0,0,0,0
3,ablation,traditional-lock,100,500,5,10000,1780,7244,976,0,398.96269698783163,1178.4528,7823.0,0,3093.643820224719,431.7129213483146,0,0,0,0,0
3,ablation,traditional-lock,100,500,6,10000,1788,7240,972,0,372.71710771524414,1162.5445,7808.0,0,3002.346196868009,435.1493288590604,0,0,0,0,0
3,ablation,traditional-lock,100,500,7,10000,1739,7250,1011,0,381.1701924909472,1162.0632,7050.0,0,3051.401955146636,443.95917193789535,0,0,0,0,0
3,ablation,traditional-lock,100,500,8,10000,1797,7258,945,0,373.91564463057136,1150.5625,7295.0,0,3110.087367835281,428.4045631608236,0,0,0,0,0
3,ablation,traditional-lock,100,500,9,10000,1781,7254,965,0,370.32922267896157,1168.7026,7298.0,0,3054.8068500842223,430.9135317237507,0,0,0,0,0
3,ablation,traditional-lock,100,500,10,10000,1815,7237,948,0,376.50602409638554,1170.794,7094.0,0,3166.9168044077137,425.1592286501377,0,0,0,0,0
4,default-policy,pa-vscd,100,300,1,6000,4394,1606,0,0,225.3859734795838,575.4616666666667,9055.0,0,518.5776058261265,136.7997269003186,1090557,4394,2094,5,26
4,default-policy,pa-vscd,100,300,2,6000,4441,1559,0,0,209.7462070894218,580.3081666666667,9301.0,0,504.16280117090747,135.03355100202657,1044016,4441,2267,3,23
4,default-policy,pa-vscd,100,300,3,6000,4479,1521,0,0,208.51433536055606,656.5911666666667,10839.0,0,503.93770931011386,132.19133735208752,1047346,4479,1842,4,16
4,default-policy,pa-vscd,100,300,4,6000,4402,1598,0,0,209.9296735593576,542.3296666666666,11438.0,0,527.3909586551567,132.32553384825079,1066914,4402,2154,18,20
4,default-policy,pa-vscd,100,300,5,6000,4068,1932,0,0,242.81667341157424,521.5073333333333,6713.0,0,567.4456735496558,136.28883972468043,1043516,4068,1712,14,21
4,default-policy,pa-vscd,100,300,6,6000,3948,2052,0,0,218.5473883587091,522.8593333333333,8125.0,0,592.153242147923,141.03571428571428,1026833,3948,1728,6,16
4,default-policy,pa-vscd,100,300,7,6000,3951,2049,0,0,216.63778162911612,534.6366666666667,8085.0,0,592.6674259681093,148.27841052898,991954,3951,1647,7,22
4,default-policy,pa-vscd,100,300,8,6000,3869,2131,0,0,204.15801830616897,692.7331666666666,9551.0,0,649.3052468338071,159.23235978288963,1001428,3869,1761,8,49
4,default-policy,pa-vscd,100,300,9,6000,3494,2503,0,3,218.2373695122395,813.1165,10196.0,0,656.164281625644,167.5684029765312,940891,3494,1244,7,48
4,default-policy,pa-vscd,100,300,10,6000,2977,3023,0,0,225.17451024544022,720.2551666666667,6890.0,0,715.215317433658,199.1417534430635,846258,2977,1042,7,65
4,default-policy,pa-vscd,100,500,1,10000,3338,6662,0,0,373.14825180044033,922.0193,12426.0,0,695.9319952067106,175.70191731575795,883005,3338,1763,145,54
4,default-policy,pa-vscd,100,500,2,10000,3388,6612,0,0,373.0508095202566,890.0381,9042.0,0,713.6289846517119,169.3698347107438,887972,3388,1843,49,31
4,default-policy,pa-vscd,100,500,3,10000,3268,6732,0,0,374.44768965775484,968.3133,9512.0,0,710.6536107711138,179.77998776009792,914138,3268,1544,64,47
4,default-policy,pa-vscd,100,500,4,10000,3761,6239,0,0,373.9995512005386,667.0427,7040.0,0,646.5245945227333,153.5567668173358,1053739,3761,1652,83,29
4,default-policy,pa-vscd,100,500,5,10000,2850,7150,0,0,374.9531308586426,1617.5099,14439.0,0,801.2101754385965,202.64771929824562,748160,2850,1432,61,54
4,default-policy,pa-vscd,100,500,6,10000,3806,6194,0,0,372.8282752963985,348.2178,7016.0,0,646.1802417235943,150.14503415659485,1045937,3806,1656,67,21
4,default-policy,pa-vscd,100,500,7,10000,3810,6190,0,0,359.8287215285524,338.6664,9830.0,0,645.7018372703412,150.5041994750656,1069738,3810,1742,92,18
4,default-policy,pa-vscd,100,500,8,10000,3949,6051,0,0,389.3322951138797,343.569,7831.0,0,623.1625728032413,147.04659407444922,1142014,3949,1864,110,24
4,default-policy,pa-vscd,100,500,9,10000,3789,6211,0,0,394.3217665615142,374.5074,6955.0,0,676.3021905515967,163.16838215888097,1044342,3789,1702,86,50
4,default-policy,pa-vscd,100,500,10,10000,3573,6427,0,0,331.5100281783524,472.5091,9875.0,0,740.6739434648755,186.83347327176043,955629,3573,1870,64,51
4,default-policy,traditional-lock,100,300,1,6000,1926,3259,815,0,223.16447221602323,1854.7951666666668,7277.0,0,3168.967289719626,404.15316718587746,0,0,0,0,0
4,default-policy,traditional-lock,100,300,2,6000,1902,3145,953,0,216.7238576846668,1921.5068333333334,9702.0,0,2926.730283911672,431.3522607781283,0,0,0,0,0
4,default-policy,traditional-lock,100,300,3,6000,1546,3599,855,0,222.68408551068885,1766.9753333333333,7204.0,0,3331.0879689521344,464.66364812419147,0,0,0,0,0
4,default-policy,traditional-lock,100,300,4,6000,1700,3287,1013,0,247.1576866040534,1871.6175,8079.0,0,3005.2047058823528,447.0847058823529,0,0,0,0,0
4,default-policy,traditional-lock,100,300,5,6000,1786,3145,1069,0,216.3721601153985,1977.9365,8012.0,0,2984.874020156775,455.3342665173572,0,0,0,0,0
4,default-policy,traditional-lock,100,300,6,6000,1808,3238,953,1,227.6176024279211,1847.8515,7723.0,0,2867.908738938053,429.0945796460177,0,0,0,0,0
4,default-policy,traditional-lock,100,300,7,6000,1656,3324,1020,0,224.08963585434174,1934.3388333333332,8082.0,0,3055.0778985507245,475.0072463768116,0,0,0,0,0
4,default-policy,traditional-lock,100,300,8,6000,1649,3378,973,0,229.85863693828296,1826.486,8124.0,0,2948.56640388114,466.077622801698,0,0,0,0,0
4,default-policy,traditional-lock,100,300,9,6000,1747,3305,948,0,227.44503411675512,1823.2973333333334,7136.0,0,2850.42014882656,445.48425872925014,0,0,0,0,0
4,default-policy,traditional-lock,100,300,10,6000,1729,3296,975,0,225.2336799429408,1856.6576666666667,8036.0,0,2905.688837478311,456.4945054945055,0,0,0,0,0
4,default-policy,traditional-lock,100,500,1,10000,1678,7289,1033,0,382.39455470154104,1231.1629,7871.0,0,3122.532777115614,456.59058402860546,0,0,0,0,0
4,default-policy,traditional-lock,100,500,2,10000,1724,7296,980,0,377.23037458976194,1179.6753,8155.0,0,2965.7807424593966,441.9907192575406,0,0,0,0,0
4,default-policy,traditional-lock,100,500,3,10000,1716,7276,1008,0,372.61989044975223,1181.3653,7081.0,0,3063.624125874126,450.4195804195804,0,0,0,0,0
4,default-policy,traditional-lock,100,500,4,10000,1807,7240,953,0,373.63622776864446,1177.2845,7144.0,0,3246.798561151079,430.95738793580523,0,0,0,0,0
4,default-policy,traditional-lock,100,500,5,10000,1978,7129,893,0,376.47767487387995,1145.5249,7178.0,0,3052.8437815975735,391.0753286147624,0,0,0,0,0
4,default-policy,traditional-lock,100,500,6,10000,1988,7112,900,0,341.02922620468576,1149.0396,10020.0,0,3012.914989939638,399.1504024144869,0,0,0,0,0
4,default-policy,traditional-lock,100,500,7,10000,1828,7114,1056,2,374.0415186085656,1205.0221,7256.0,0,3081.8134573304155,436.55908096280086,0,0,0,0,0
4,default-policy,traditional-lock,100,500,8,10000,1707,7309,984,0,396.8253968253968,1139.5586,7652.0,0,3012.0251903925014,434.5026362038664,0,0,0,0,0
4,default-policy,traditional-lock,100,500,9,10000,1703,7320,977,0,361.8992472495657,1110.0999,7506.0,0,2944.030534351145,440.23253082795065,0,0,0,0,0
4,default-policy,traditional-lock,100,500,10,10000,1758,7228,1014,0,377.2873042822109,1175.354,7575.0,0,3015.1359499431173,441.8919226393629,0,0,0,0,0
4,or-policy,pa-vscd,100,300,1,6000,3879,2121,0,0,242.600679281902,742.308,6530.0,0,581.6896107244135,143.78628512503224,999834,3879,1670,10,38
4,or-policy,pa-vscd,100,300,2,6000,3987,2013,0,0,224.9803142225055,614.9396666666667,9552.0,0,589.4068221720592,139.70504138449962,1019439,3987,1955,2,18
4,or-policy,pa-vscd,100,300,3,6000,3860,2140,0,0,242.74790629930817,731.9783333333334,6822.0,0,565.7963730569949,144.85051813471503,987383,3860,1439,7,38
4,or-policy,pa-vscd,100,300,4,6000,4020,1980,0,0,225.02250225022502,693.8865,7394.0,0,554.6156716417911,143.9634328358209,991602,4020,1525,7,35
4,or-policy,pa-vscd,100,300,5,6000,4019,1981,0,0,243.38796040889176,749.1728333333333,8418.0,0,556.4560836028863,141.69793480965413,962380,4019,1801,9,28
4,or-policy,pa-vscd,100,300,6,6000,4083,1917,0,0,264.4686384272932,698.4908333333333,6497.0,0,552.3639480773941,137.24418319862846,1006575,4083,1815,9,27
4,or-policy,pa-vscd,100,300,7,6000,4159,1841,0,0,224.73593527605064,713.3751666666667,6838.0,0,537.8684779995191,137.3724452993508,985638,4159,1684,2,24
4,or-policy,pa-vscd,100,300,8,6000,4280,1720,0,0,224.2822966507177,695.6573333333333,8453.0,0,531.0932242990655,137.6983644859813,1023615,4280,1685,9,21
4,or-policy,pa-vscd,100,300,9,6000,4087,1913,0,0,225.8185923974407,554.1891666666667,6998.0,0,556.884267188647,138.25813555174946,998288,4087,1533,6,24
4,or-policy,pa-vscd,100,300,10,6000,4252,1748,0,0,209.2269065801862,761.2128333333334,9866.0,0,543.6817968015051,134.1780338664158,1069772,4252,1829,8,24
4,or-policy,pa-vscd,100,500,1,10000,4459,5541,0,0,373.8737054622948,334.857,6951.0,0,554.6956716752635,128.1904014352994,1219071,4459,2147,61,15
4,or-policy,pa-vscd,100,500,2,10000,4694,5306,0,0,337.9748546708125,336.5498,9778.0,0,527.473583297827,122.1985513421389,1338970,4694,2054,68,15
4,or-policy,pa-vscd,100,500,3,10000,4595,5405,0,0,344.98223341497913,423.7905,9224.0,0,583.9701849836779,136.92992383025026,1283736,4595,1909,74,24
4,or-policy,pa-vscd,100,500,4,10000,4282,5718,0,0,364.49790413705125,689.0839,9982.0,0,589.3921064922934,143.86641756188698,1231482,4282,1935,80,29
4,or-policy,pa-vscd,100,500,5,10000,4030,5970,0,0,374.72832196657424,459.5363,7840.0,0,593.3290322580646,138.60669975186104,1165008,4030,1795,43,27
4,or-policy,pa-vscd,100,500,6,10000,4061,5939,0,0,373.8597278301181,574.9535,7706.0,0,588.1901009603546,145.83895592218664,1140426,4061,1735,74,31
4,or-policy,pa-vscd,100,500,7,10000,4039,5961,0,0,375.06563648638513,615.4479,8203.0,0,568.3263183956425,143.8479821738054,1145119,4039,1682,37,52
4,or-policy,pa-vscd,100,500,8,10000,4009,5991,0,0,374.0974898058434,593.5993,6877.0,0,594.9875280618608,135.3634322773759,1155663,4009,1800,40,27
4,or-policy,pa-vscd,100,500,9,10000,4126,5874,0,0,404.4816567568661,676.2308,8143.0,0,574.0019389238972,138.3204071740184,1149201,4126,1762,44,30
4,or-policy,pa-vscd,100,500,10,10000,4192,5808,0,0,375.78445003945734,682.4198,7898.0,0,565.4530057251908,141.1114026717557,1153020,4192,1940,74,35
4,or-policy,traditional-lock,100,300,1,6000,1736,3470,794,0,223.44704305079696,1809.0211666666667,7248.0,0,3320.644585253456,437.89400921658984,0,0,0,0,0
4,or-policy,traditional-lock,100,300,2,6000,2048,3095,857,0,226.5176683781335,1861.678,6777.0,0,2923.71923828125,382.2958984375,0,0,0,0,0
4,or-policy,traditional-lock,100,300,3,6000,1862,3139,999,0,220.6693637366679,1939.041,9819.0,0,2878.7851772287863,432.30558539205157,0,0,0,0,0
4,or-policy,traditional-lock,100,300,4,6000,1913,3098,989,0,226.06533288120266,1909.9823333333334,7215.0,0,2842.954521693675,406.10297961317303,0,0,0,0,0
4,or-policy,traditional-lock,100,300,5,6000,1917,3130,953,0,226.3382247538572,1841.2688333333333,7844.0,0,2730.376108502869,402.06833594157536,0,0,0,0,0
4,or-policy,traditional-lock,100,300,6,6000,1858,3180,962,0,224.41651705565528,1878.0331666666666,7963.0,0,2846.297093649085,423.967707212056,0,0,0,0,0
4,or-policy,traditional-lock,100,300,7,6000,1828,3201,971,0,225.5978342607911,1854.0201666666667,7216.0,0,2805.4868708971553,427.86706783369806,0,0,0,0,0
4,or-policy,traditional-lock,100,300,8,6000,1966,3115,919,0,229.04260192395785,1862.3056666666666,8007.0,0,2794.401831129196,391.10274669379453,0,0,0,0,0
4,or-policy,traditional-lock,100,300,9,6000,1699,3320,981,0,226.89456965663288,1849.7205,7811.0,0,2937.4414361389054,461.81930547380813,0,0,0,0,0
4,or-policy,traditional-lock,100,300,10,6000,1868,3211,921,0,226.79165406713034,1866.5158333333334,7958.0,0,2908.7805139186294,417.27730192719486,0,0,0,0,0
4,or-policy,traditional-lock,100,500,1,10000,1816,7229,955,0,372.1484127870195,1175.4016,7801.0,0,3091.4267621145373,425.58314977973566,0,0,0,0,0
4,or-policy,traditional-lock,100,500,2,10000,1689,7311,1000,0,380.64786266225116,1178.1328,7004.0,0,3045.321492007105,458.56542332741265,0,0,0,0,0
4,or-policy,traditional-lock,100,500,3,10000,1799,7207,994,0,374.3215422047539,1206.9479,6794.0,0,3130.901056142301,434.43635352973877,0,0,0,0,0
4,or-policy,traditional-lock,100,500,4,10000,1746,7386,868,0,367.86344908769865,1185.074,7304.0,0,3420.4450171821304,441.7926689576174,0,0,0,0,0
4,or-policy,traditional-lock,100,500,5,10000,1985,7112,903,0,374.784498913125,1147.3011,6890.0,0,3046.082115869018,387.74307304785896,0,0,0,0,0
4,or-policy,traditional-lock,100,500,6,10000,1973,7076,951,0,357.564272177924,1168.2365,9777.0,0,2934.888494678155,406.98327420172325,0,0,0,0,0
4,or-policy,traditional-lock,100,500,7,10000,1818,7137,1045,0,379.0894271958755,1186.4701,8308.0,0,3001.54400440044,429.8267326732673,0,0,0,0,0
4,or-policy,traditional-lock,100,500,8,10000,1899,7063,1038,0,364.8303538854433,1207.4087,7478.0,0,2937.5803054239072,427.0321221695629,0,0,0,0,0
4,or-policy,traditional-lock,100,500,9,10000,1839,7159,1002,0,376.4209892343597,1178.307,7709.0,0,2954.8520935290917,426.494834148994,0,0,0,0,0
4,or-policy,traditional-lock,100,500,10,10000,1786,7226,988,0,374.5037824882031,1163.569,7305.0,0,2971.014557670773,428.80795072788356,0,0,0,0,0
5,batch10-timeout2s,pa-vscd,100,300,1,6000,3327,2673,0,0,223.16447221602323,577.4866666666667,7044.0,0,709.9720468890893,173.06251878569282,886754,3327,1432,13,27
5,batch10-timeout2s,pa-vscd,100,300,2,6000,3587,2413,0,0,241.08972555952906,531.175,7010.0,0,647.4524672428213,156.3891831614162,948757,3587,1499,14,26
5,batch10-timeout2s,pa-vscd,100,300,3,6000,3628,2369,0,3,241.17694348420292,531.9278333333333,6644.0,0,647.2814222712238,156.13037486218303,922332,3628,1546,10,20
5,batch10-timeout2s,pa-vscd,100,300,4,6000,3537,2463,0,0,232.68440238889318,539.3433333333334,6817.0,0,656.6454622561492,160.16595985298275,935039,3537,1424,18,28
5,batch10-timeout2s,pa-vscd,100,300,5,6000,3778,2222,0,0,220.15924852309837,555.0051666666667,7073.0,0,644.8403917416623,158.43012175754367,975222,3778,1608,1,19
5,batch10-timeout2s,pa-vscd,100,300,6,6000,3920,2080,0,0,224.00597349262648,563.7328333333334,7010.0,0,597.4395408163265,148.3206632653061,1012415,3920,1666,11,25
5,batch10-timeout2s,pa-vscd,100,300,7,6000,3408,2592,0,0,241.75027196905597,569.3205,6369.0,0,673.1402582159625,162.79518779342723,941782,3408,1141,15,30
5,batch10-timeout2s,pa-vscd,100,300,8,6000,3669,2331,0,0,241.27392633102784,559.9693333333333,6278.0,0,641.2641046606705,155.52657399836468,936170,3669,1668,12,18
5,batch10-timeout2s,pa-vscd,100,300,9,6000,3488,2512,0,0,222.857779593656,551.039,6980.0,0,671.9870986238532,164.84719036697248,951612,3488,1418,22,31
5,batch10-timeout2s,pa-vscd,100,300,10,6000,3474,2526,0,0,224.14823670053795,574.2438333333333,7069.0,0,669.7892918825561,168.8385146804836,963824,3474,1251,6,33
5,batch10-timeout2s,pa-vscd,100,500,1,10000,3473,6527,0,0,373.14825180044033,351.4965,7021.0,0,691.1148862654766,162.10538439389578,991468,3473,1559,40,32
5,batch10-timeout2s,pa-vscd,100,500,2,10000,3508,6492,0,0,391.83417577681126,358.6354,7343.0,0,682.3714367160775,166.96636259977194,932209,3508,1620,76,39
5,batch10-timeout2s,pa-vscd,100,500,3,10000,3443,6557,0,0,392.0799843168006,357.5568,7449.0,0,692.2767934940459,170.18268951495787,910390,3443,1687,77,34
5,batch10-timeout2s,pa-vscd,100,500,4,10000,4024,5976,0,0,371.774853148933,342.2478,7097.0,0,608.0598906560637,141.41053677932405,1115621,4024,1964,81,25
5,batch10-timeout2s,pa-vscd,100,500,5,10000,4016,5984,0,0,373.8178012036933,343.1926,6903.0,0,608.9546812749004,140.84437250996015,1101465,4016,2083,75,25
5,batch10-timeout2s,pa-vscd,100,500,6,10000,4089,5911,0,0,403.86091030249185,337.3354,6984.0,0,601.8153582783076,136.2460259232086,1135476,4089,1722,58,15
5,batch10-timeout2s,pa-vscd,100,500,7,10000,4355,5645,0,0,374.195479718605,340.6735,6963.0,0,571.9609644087257,129.5019517795637,1211708,4355,1851,40,15
5,batch10-timeout2s,pa-vscd,100,500,8,10000,4192,5808,0,0,375.3612852370407,341.8655,6787.0,0,595.6068702290077,138.66626908396947,1188622,4192,1857,88,17
5,batch10-timeout2s,pa-vscd,100,500,9,10000,4373,5627,0,0,374.86879592142753,340.5803,7038.0,0,567.2423965241253,132.0171506974617,1258273,4373,1951,88,25
5,batch10-timeout2s,pa-vscd,100,500,10,10000,4571,5426,0,3,372.3146803678469,338.2742,7001.0,0,533.1505141106978,126.37037847298184,1289050,4571,2119,66,30
5,batch10-timeout2s,traditional-lock,100,300,1,6000,1893,3257,850,0,198.74130506790328,1880.781,10216.0,0,3217.230850501849,417.7934495509773,0,0,0,0,0
5,batch10-timeout2s,traditional-lock,100,300,2,6000,1767,3195,1038,0,219.04205607476635,1965.852,7235.0,0,3089.160724391624,457.7283531409168,0,0,0,0,0
5,batch10-timeout2s,traditional-lock,100,300,3,6000,1748,3293,959,0,235.34949399858792,1775.692,8441.0,0,2726.746567505721,426.0308924485126,0,0,0,0,0
5,batch10-timeout2s,traditional-lock,100,300,4,6000,1829,3183,988,0,224.2822966507177,1885.4708333333333,8283.0,0,2690.8824494259156,430.58283214871517,0,0,0,0,0
5,batch10-timeout2s,traditional-lock,100,300,5,6000,1817,3204,979,0,225.44525437739534,1884.2661666666668,7972.0,0,2885.8635112823335,431.0632911392405,0,0,0,0,0
5,batch10-timeout2s,traditional-lock,100,300,6,6000,1907,3132,961,0,228.85040811656114,1863.1808333333333,7378.0,0,2754.1520713162035,403.2485579444153,0,0,0,0,0
5,batch10-timeout2s,traditional-lock,100,300,7,6000,1796,3247,957,0,224.32422327737692,1870.1253333333334,8249.0,0,2807.2104677060133,435.1236080178174,0,0,0,0,0
5,batch10-timeout2s,traditional-lock,100,300,8,6000,1817,3214,969,0,225.4029076975093,1832.301,7328.0,0,2735.0842047330766,430.40286186020916,0,0,0,0,0
5,batch10-timeout2s,traditional-lock,100,300,9,6000,1867,3214,919,0,223.08979364194087,1871.8668333333333,7149.0,0,2989.429566148902,419.00428494911625,0,0,0,0,0
5,batch10-timeout2s,traditional-lock,100,300,10,6000,1785,3307,908,0,226.31261315630658,1927.192,7363.0,0,3058.996638655462,434.4795518207283,0,0,0,0,0
5,batch10-timeout2s,traditional-lock,100,500,1,10000,1798,7227,975,0,377.7719013259794,1178.9148,7064.0,0,2964.8003337041155,431.21802002224695,0,0,0,0,0
5,batch10-timeout2s,traditional-lock,100,500,2,10000,1758,7238,1004,0,370.17842600133264,1191.1511,7265.0,0,3161.5602957906713,443.30318543799774,0,0,0,0,0
5,batch10-timeout2s,traditional-lock,100,500,3,10000,1878,7294,828,0,374.6721618583739,1110.1006,7286.0,0,3088.3418530351437,408.290202342918,0,0,0,0,0
5,batch10-timeout2s,traditional-lock,100,500,4,10000,1869,7191,940,0,373.9296264443032,1153.4898,7224.0,0,3112.353130016051,415.4071696094168,0,0,0,0,0
5,batch10-timeout2s,traditional-lock,100,500,5,10000,1824,7145,1031,0,366.93208087183064,1193.0632,8192.0,0,3015.7269736842104,442.3930921052632,0,0,0,0,0
5,batch10-timeout2s,traditional-lock,100,500,6,10000,1823,7126,1051,0,345.38735191517287,1193.5544,7881.0,0,2978.2276467361494,437.11958310477235,0,0,0,0,0
5,batch10-timeout2s,traditional-lock,100,500,7,10000,1730,7195,1075,0,401.3002126891127,1197.4479,7884.0,0,2987.6040462427745,443.73757225433525,0,0,0,0,0
5,batch10-timeout2s,traditional-lock,100,500,8,10000,1928,7148,924,0,380.0547278808148,1158.2253,6900.0,0,3062.3760373443984,399.5746887966805,0,0,0,0,0
5,batch10-timeout2s,traditional-lock,100,500,9,10000,1796,7218,986,0,372.61989044975223,1185.6475,7348.0,0,3057.7154788418707,432.1575723830735,0,0,0,0,0
5,batch10-timeout2s,traditional-lock,100,500,10,10000,1838,7235,927,0,371.2917239074741,1151.3035,7319.0,0,3196.239934711643,421.3248095756257,0,0,0,0,0
5,batch5-timeout1s,pa-vscd,100,300,1,6000,4075,1925,0,0,288.72527789808,587.0598333333334,5082.0,0,583.7803680981596,137.76588957055213,1038693,4075,1736,5,14
5,batch5-timeout1s,pa-vscd,100,300,2,6000,4272,1728,0,0,275.68461679838265,540.5183333333333,5158.0,0,545.6378745318352,134.32279962546818,1109878,4272,1618,6,26
5,batch5-timeout1s,pa-vscd,100,300,3,6000,4092,1908,0,0,274.6623941405356,565.5078333333333,5071.0,0,583.9560117302053,139.8880742913001,1046793,4092,1857,9,17
5,batch5-timeout1s,pa-vscd,100,300,4,6000,4305,1695,0,0,262.9733520336606,539.6291666666667,5069.0,0,556.8740998838559,131.95632984901277,1124824,4305,1872,20,15
5,batch5-timeout1s,pa-vscd,100,300,5,6000,3974,2026,0,0,275.115777889862,547.4928333333334,5845.0,0,589.5050327126321,144.46552591847006,1008695,3974,1900,13,30
5,batch5-timeout1s,pa-vscd,100,300,6,6000,4185,1815,0,0,251.73064820641912,570.8926666666666,5522.0,0,567.7120669056153,137.3772998805257,1053755,4185,2017,8,18
5,batch5-timeout1s,pa-vscd,100,300,7,6000,4351,1649,0,0,273.7476047084588,544.7396666666667,5164.0,0,543.7715467708573,130.95863019995403,1168222,4351,1738,8,25
5,batch5-timeout1s,pa-vscd,100,300,8,6000,4298,1702,0,0,274.07272062854014,542.7326666666667,5124.0,0,561.9848766868311,133.2691949744067,1116894,4298,1898,6,14
5,batch5-timeout1s,pa-vscd,100,300,9,6000,4167,1833,0,0,262.1002970470033,543.9491666666667,5184.0,0,578.789536837053,137.93760499160067,1072115,4167,1739,11,13
5,batch5-timeout1s,pa-vscd,100,300,10,6000,3918,2082,0,0,275.39358332950843,547.3633333333333,5169.0,0,602.6847881572231,144.47422154160287,1025536,3918,1523,5,25
5,batch5-timeout1s,pa-vscd,100,500,1,10000,4003,5997,0,0,435.976806033919,388.2349,5563.0,0,616.8543592305771,141.4354234324257,1129113,4003,1760,96,20
5,batch5-timeout1s,pa-vscd,100,500,2,10000,4264,5736,0,0,437.5218760938047,360.2654,5056.0,0,582.5787992495309,133.0921669793621,1178807,4264,2100,48,17
5,batch5-timeout1s,pa-vscd,100,500,3,10000,4215,5785,0,0,438.7889425186485,485.0358,9739.0,0,580.3183867141163,135.26192170818504,1134470,4215,2192,83,21
5,batch5-timeout1s,pa-vscd,100,500,4,10000,4239,5761,0,0,436.1098996947231,415.9859,8068.0,0,577.2847369662657,134.02547770700636,1186236,4239,1841,62,24
5,batch5-timeout1s,pa-vscd,100,500,5,10000,4208,5792,0,0,419.72717733473246,458.4511,6143.0,0,579.6820342205323,134.168963878327,1180026,4208,2101,74,21
5,batch5-timeout1s,pa-vscd,100,500,6,10000,3999,6001,0,0,437.2922861640721,371.8196,6071.0,0,617.4766191547888,140.37684421105277,1121155,3999,2009,87,20
5,batch5-timeout1s,pa-vscd,100,500,7,10000,4238,5762,0,0,438.42342934806436,416.9137,6105.0,0,575.9825389334592,131.96460594620103,1204975,4238,1716,63,19
5,batch5-timeout1s,pa-vscd,100,500,8,10000,4284,5716,0,0,437.7325454147516,382.8743,5155.0,0,583.0515873015873,130.27170868347338,1194841,4284,2384,53,12
5,batch5-timeout1s,pa-vscd,100,500,9,10000,4200,5800,0,0,417.3100196135709,393.8495,5445.0,0,593.2628571428571,134.02809523809523,1185190,4200,2069,49,18
5,batch5-timeout1s,pa-vscd,100,500,10,10000,4195,5805,0,0,438.4811014645269,421.2374,6405.0,0,583.0009535160906,134.58784266984506,1165004,4195,1945,53,22
5,batch5-timeout1s,traditional-lock,100,300,1,6000,2303,2878,819,0,231.72285946008574,1852.613,5939.0,0,2693.2535822839773,330.9630916196266,0,0,0,0,0
5,batch5-timeout1s,traditional-lock,100,300,2,6000,2259,2967,774,0,229.94672900777985,1847.2591666666667,6204.0,0,2831.5418326693225,335.95307658255865,0,0,0,0,0
5,batch5-timeout1s,traditional-lock,100,300,3,6000,2231,2970,799,0,228.51919561243145,1843.1758333333332,6266.0,0,2803.718960107575,336.4621246077992,0,0,0,0,0
5,batch5-timeout1s,traditional-lock,100,300,4,6000,2205,2953,842,0,240.06721882126996,1839.9623333333334,5570.0,0,2722.514739229025,341.67256235827665,0,0,0,0,0
5,batch5-timeout1s,traditional-lock,100,300,5,6000,2317,2864,819,0,229.15632280487338,1840.188,6330.0,0,2651.973672852827,325.4000863185153,0,0,0,0,0
5,batch5-timeout1s,traditional-lock,100,300,6,6000,2321,2881,798,0,231.08030040439053,1840.0741666666668,6023.0,0,2695.1930202498925,323.6212839293408,0,0,0,0,0
5,batch5-timeout1s,traditional-lock,100,300,7,6000,2190,3022,788,0,239.22491128742874,1850.6708333333333,5568.0,0,2892.0808219178084,344.86986301369865,0,0,0,0,0
5,batch5-timeout1s,traditional-lock,100,300,8,6000,2309,2889,802,0,232.93733985557887,1846.4298333333334,6226.0,0,2712.002165439584,328.33607622347336,0,0,0,0,0
5,batch5-timeout1s,traditional-lock,100,300,9,6000,2329,2906,765,0,232.8198362500485,1850.9505,6215.0,0,2778.189781021898,326.07513954486905,0,0,0,0,0
5,batch5-timeout1s,traditional-lock,100,300,10,6000,2181,2995,822,2,231.3030069390902,1851.6098333333334,6050.0,0,2822.1604768454836,349.65337001375514,0,0,0,0,0
5,batch5-timeout1s,traditional-lock,100,500,1,10000,2193,6989,818,0,387.73215462758327,1144.2091,6170.0,0,2964.1030551755584,345.4035567715458,0,0,0,0,0
5,batch5-timeout1s,traditional-lock,100,500,2,10000,2179,6978,843,0,385.2228514195462,1148.0932,6365.0,0,2942.9325378614044,348.8214777420835,0,0,0,0,0
5,batch5-timeout1s,traditional-lock,100,500,3,10000,2209,6929,862,0,388.9991053020578,1140.1148,6074.0,0,2833.7387958352197,340.7057492077863,0,0,0,0,0
5,batch5-timeout1s,traditional-lock,100,500,4,10000,2150,7002,848,0,395.97687495050286,1144.9797,5519.0,0,2949.4232558139533,351.51162790697674,0,0,0,0,0
5,batch5-timeout1s,traditional-lock,100,500,5,10000,2268,6910,822,0,382.043935052531,1141.7211,6257.0,0,2859.190476190476,333.0833333333333,0,0,0,0,0
5,batch5-timeout1s,traditional-lock,100,500,6,10000,2289,6884,827,0,387.29666924864443,1140.2802,5953.0,0,2818.608125819135,327.8239405854085,0,0,0,0,0
5,batch5-timeout1s,traditional-lock,100,500,7,10000,2206,6969,825,0,383.99508486291376,1152.8016,6140.0,0,2966.763825929284,344.5562103354488,0,0,0,0,0
5,batch5-timeout1s,traditional-lock,100,500,8,10000,2199,6974,827,0,387.3566780291292,1142.1615,6011.0,0,2932.0395634379265,341.68076398362894,0,0,0,0,0
5,batch5-timeout1s,traditional-lock,100,500,9,10000,2224,6925,850,1,385.77270272355526,1144.1769,6004.0,0,2854.1852517985612,338.7936151079137,0,0,0,0,0
5,batch5-timeout1s,traditional-lock,100,500,10,10000,2260,6907,833,0,400.16006402561027,1143.5329,5479.0,0,2850.9721238938055,332.8048672566372,0,0,0,0,0
5,batch50-timeout2s,pa-vscd,100,300,1,6000,372,5628,0,0,233.29056339671058,621.076,6471.0,0,2827.6317204301076,2107.8333333333335,58150,372,467,0,302
5,batch50-timeout2s,pa-vscd,100,300,2,6000,370,5630,0,0,233.71766905578062,617.3761666666667,6499.0,0,2633.0756756756755,2105.772972972973,66032,370,367,0,312
5,batch50-timeout2s,pa-vscd,100,300,3,6000,370,5630,0,0,233.53573096683792,618.189,6469.0,0,2580.683783783784,2106.7675675675678,66475,370,268,0,316
5,batch50-timeout2s,pa-vscd,100,300,4,6000,368,5632,0,0,234.15547923821418,614.1625,6483.0,0,2552.342391304348,2101.154891304348,68690,368,224,0,316
5,batch50-timeout2s,pa-vscd,100,300,5,6000,370,5630,0,0,233.78141437755698,617.1996666666666,6470.0,0,2669.9324324324325,2105.7054054054056,61017,370,290,0,309
5,batch50-timeout2s,pa-vscd,100,300,6,6000,370,5630,0,0,234.73260044599195,611.5911666666667,6423.0,0,2577.675675675676,2094.837837837838,73814,370,362,0,312
5,batch50-timeout2s,pa-vscd,100,300,7,6000,368,5632,0,0,233.53573096683792,617.2356666666667,6504.0,0,2518.8070652173915,2104.8858695652175,71868,368,306,0,320
5,batch50-timeout2s,pa-vscd,100,300,8,6000,373,5627,0,0,233.68125876304723,618.4223333333333,6473.0,0,2482.7908847184985,2105.509383378016,63219,373,443,0,320
5,batch50-timeout2s,pa-vscd,100,300,9,6000,372,5628,0,0,234.7877127763647,608.767,6438.0,0,2636.3225806451615,2096.5026881720432,59812,372,264,0,304
5,batch50-timeout2s,pa-vscd,100,300,10,6000,368,5632,0,0,233.96373562097875,615.583,6484.0,0,2509.0896739130435,2105.0027173913045,63414,368,246,0,320
5,batch50-timeout2s,pa-vscd,100,500,1,10000,372,9628,0,0,388.8629646912428,376.4925,6501.0,0,2842.233870967742,2111.7150537634407,57410,372,512,0,302
5,batch50-timeout2s,pa-vscd,100,500,2,10000,363,9637,0,0,388.681592039801,376.8554,6537.0,0,2698.6666666666665,2115.1707988980716,59213,363,356,0,317
5,batch50-timeout2s,pa-vscd,100,500,3,10000,367,9633,0,0,389.6660561898453,374.238,6502.0,0,2750.5531335149863,2110.708446866485,57144,367,412,0,308
5,batch50-timeout2s,pa-vscd,100,500,4,10000,366,9634,0,0,389.16562889165624,377.2686,6536.0,0,2584.6721311475408,2110.72131147541,75907,366,289,0,322
5,batch50-timeout2s,pa-vscd,100,500,5,10000,369,9631,0,0,389.2262182780632,372.9578,6477.0,0,2680.628726287263,2113.268292682927,60525,369,561,0,308
5,batch50-timeout2s,pa-vscd,100,500,6,10000,375,9625,0,0,390.1829958250419,373.0262,6468.0,0,2698.1066666666666,2107.672,53557,375,449,0,304
5,batch50-timeout2s,pa-vscd,100,500,7,10000,372,9628,0,0,388.75714341251023,377.1712,6513.0,0,2653.7903225806454,2113.6612903225805,53882,372,374,0,313
5,batch50-timeout2s,pa-vscd,100,500,8,10000,364,9636,0,0,390.6097418069607,372.1541,6508.0,0,2632.5604395604396,2103.7087912087914,70711,364,332,0,315
5,batch50-timeout2s,pa-vscd,100,500,9,10000,365,9635,0,0,389.8635477582846,374.9602,6515.0,0,2614.5808219178084,2108.9397260273972,73046,365,195,0,319
5,batch50-timeout2s,pa-vscd,100,500,10,10000,372,9628,0,0,390.1829958250419,374.5932,6488.0,0,2650.9005376344085,2106.4543010752686,60549,372,281,0,311
5,batch50-timeout2s,traditional-lock,100,300,1,6000,338,4278,1384,0,226.7488001209327,1782.061,7282.0,0,3148.7189349112427,2382.1597633136093,0,0,0,0,0
5,batch50-timeout2s,traditional-lock,100,300,2,6000,341,4285,1374,0,227.0233455673692,1780.8041666666666,7351.0,0,3310.648093841642,2384.7214076246332,0,0,0,0,0
5,batch50-timeout2s,traditional-lock,100,300,3,6000,337,4287,1376,0,227.69534363022277,1772.76,7295.0,0,3255.593471810089,2379.477744807122,0,0,0,0,0
5,batch50-timeout2s,traditional-lock,100,300,4,6000,337,4288,1375,0,227.5485436893204,1772.7215,7321.0,0,3287.854599406528,2377.26706231454,0,0,0,0,0
5,batch50-timeout2s,traditional-lock,100,300,5,6000,337,4295,1368,0,228.27575711459443,1775.59,7241.0,0,3342.893175074184,2372.2818991097924,0,0,0,0,0
5,batch50-timeout2s,traditional-lock,100,300,6,6000,342,4292,1366,0,227.6694239963573,1781.0861666666667,7270.0,0,3408.002923976608,2378.5,0,0,0,0,0
5,batch50-timeout2s,traditional-lock,100,300,7,6000,340,4283,1377,0,228.63239721068476,1765.7905,7273.0,0,3242.573529411765,2366.8735294117646,0,0,0,0,0
5,batch50-timeout2s,traditional-lock,100,300,8,6000,335,4283,1382,0,228.23234052265204,1763.0761666666667,7245.0,0,3186.9432835820894,2366.071641791045,0,0,0,0,0
5,batch50-timeout2s,traditional-lock,100,300,9,6000,340,4287,1373,0,227.89425706472198,1781.453,7265.0,0,3293.3058823529414,2376.3705882352942,0,0,0,0,0
5,batch50-timeout2s,traditional-lock,100,300,10,6000,339,4286,1375,0,228.00684020520615,1766.3958333333333,7232.0,0,3240.477876106195,2369.407079646018,0,0,0,0,0
5,batch50-timeout2s,traditional-lock,100,500,1,10000,339,8301,1360,0,379.00322152738295,1117.1997,7323.0,0,3563.778761061947,2390.336283185841,0,0,0,0,0
5,batch50-timeout2s,traditional-lock,100,500,2,10000,340,8299,1361,0,379.5066413662239,1114.6887,7286.0,0,3531.9441176470586,2385.9441176470586,0,0,0,0,0
5,batch50-timeout2s,traditional-lock,100,500,3,10000,344,8296,1360,0,381.1556639731666,1110.6644,7235.0,0,3523.875,2373.9476744186045,0,0,0,0,0
5,batch50-timeout2s,traditional-lock,100,500,4,10000,341,8294,1365,0,380.18476979812186,1115.0416,7282.0,0,3463.155425219941,2380.6598240469207,0,0,0,0,0
5,batch50-timeout2s,traditional-lock,100,500,5,10000,339,8289,1372,0,379.8526171845324,1116.0781,7283.0,0,3401.6843657817108,2384.3569321533923,0,0,0,0,0
5,batch50-timeout2s,traditional-lock,100,500,6,10000,341,8294,1365,0,380.4885472947264,1111.8855,7251.0,0,3468.5278592375366,2378.3958944281526,0,0,0,0,0
5,batch50-timeout2s,traditional-lock,100,500,7,10000,344,8295,1361,0,377.88610512791445,1121.3372,7332.0,0,3511.2005813953488,2393.529069767442,0,0,0,0,0
5,batch50-timeout2s,traditional-lock,100,500,8,10000,336,8299,1365,0,380.3004373455029,1113.145,7284.0,0,3467.7559523809523,2383.1785714285716,0,0,0,0,0
5,batch50-timeout2s,traditional-lock,100,500,9,10000,339,8294,1367,0,380.19922439358226,1114.2886,7266.0,0,3444.4424778761063,2381.843657817109,0,0,0,0,0
5,batch50-timeout2s,traditional-lock,100,500,10,10000,338,8297,1365,0,379.56426022925683,1115.5293,7282.0,0,3517.5,2385.46449704142,0,0,0,0,0
6,related-baselines,drt,100,300,1,6000,4432,1568,0,0,173.44549475327378,1732.0131666666666,23287.0,0,2134.489395306859,158.50361010830323,1471038,0,0,0,0
6,related-baselines,drt,100,300,2,6000,4872,1128,0,0,171.71312460649077,1649.2878333333333,17760.0,0,1855.5798440065682,141.813013136289,1574842,0,0,0,0
6,related-baselines,drt,100,300,3,6000,4895,1105,0,0,196.59884006684362,1621.7856666666667,15089.0,0,1820.3507660878447,134.04371807967314,1695776,0,0,0,0
6,related-baselines,drt,100,300,4,6000,4902,1098,0,0,210.47462026870593,1620.035,16597.0,0,1814.0265197878416,134.84128926968583,1558064,0,0,0,0
6,related-baselines,drt,100,300,5,6000,4922,1078,0,0,196.5280052407468,1602.1628333333333,14717.0,0,1786.3695652173913,134.3035351483137,1536016,0,0,0,0
6,related-baselines,drt,100,300,6,6000,4562,1438,0,0,197.0831690973591,1642.2138333333332,16423.0,0,1973.6762384918895,147.34480491012712,1582552,0,0,0,0
6,related-baselines,drt,100,300,7,6000,4973,1027,0,0,196.4057743297653,1615.3481666666667,21705.0,0,1785.2181781620752,132.49346470943092,1677109,0,0,0,0
6,related-baselines,drt,100,300,8,6000,4932,1068,0,0,184.67220683287164,1628.4581666666666,17178.0,0,1811.3027169505272,137.4610705596107,1643583,0,0,0,0
6,related-baselines,drt,100,300,9,6000,4986,1014,0,0,226.73166307674865,1609.2505,16393.0,0,1775.5808263136782,128.68892900120338,1765979,0,0,0,0
6,related-baselines,drt,100,300,10,6000,4947,1053,0,0,211.4388413151496,1595.5858333333333,16203.0,0,1769.8865979381444,133.9304629068122,1658913,0,0,0,0
6,related-baselines,drt,100,500,1,10000,4892,5108,0,0,326.67995165136716,1094.7234,16139.0,0,2044.4443990188063,138.8209321340965,1776751,0,0,0,0
6,related-baselines,drt,100,500,2,10000,4878,5122,0,0,306.45705004443624,1099.4524,17126.0,0,2053.4702747027472,136.87740877408774,1835454,0,0,0,0
6,related-baselines,drt,100,500,3,10000,4902,5098,0,0,273.4481815695926,1108.9252,19084.0,0,2058.531007751938,141.03835169318646,1866269,0,0,0,0
6,related-baselines,drt,100,500,4,10000,4388,5612,0,0,270.7092582566324,1116.7543,16958.0,0,2307.893801276208,159.61668185961713,1559348,0,0,0,0
6,related-baselines,drt,100,500,5,10000,4547,5453,0,0,287.0016933099905,1121.7354,16769.0,0,2228.723114141192,154.49593138332966,1528081,0,0,0,0
6,related-baselines,drt,100,500,6,10000,4499,5501,0,0,270.8338975706199,1116.7295,18532.0,0,2256.208490775728,154.54056456990443,1591969,0,0,0,0
6,related-baselines,drt,100,500,7,10000,4842,5158,0,0,258.4380007236264,1112.2011,22233.0,0,2095.789343246592,144.7759190417183,1729308,0,0,0,0
6,related-baselines,drt,100,500,8,10000,4866,5134,0,0,233.66669782222638,1119.2743,22918.0,0,2089.3417591450884,149.77928483353884,1743387,0,0,0,0
6,related-baselines,drt,100,500,9,10000,4879,5121,0,0,258.9264907692706,1109.3103,18771.0,0,2066.4054109448657,146.1188768190203,1720776,0,0,0,0
6,related-baselines,drt,100,500,10,10000,4822,5178,0,0,289.24305093570126,1101.9098,14763.0,0,2085.5352550808793,140.37598506843634,1781366,0,0,0,0
6,related-baselines,ed-mvcc,100,300,1,6000,3121,2879,0,0,272.2940776038121,40.038833333333336,2038.0,0,0.033322652995834666,69.30727330983659,0,0,0,0,0
6,related-baselines,ed-mvcc,100,300,2,6000,3088,2912,0,0,272.8885250375222,43.06816666666667,2042.0,0,0.03756476683937824,75.49125647668394,0,0,0,0,0
6,related-baselines,ed-mvcc,100,300,3,6000,3128,2872,0,0,272.64052346980503,41.9205,2062.0,0,0.03964194373401535,73.63235294117646,0,0,0,0,0
6,related-baselines,ed-mvcc,100,300,4,6000,3139,2861,0,0,272.9878520405842,41.07083333333333,2035.0,0,0.03791016247212488,72.31729850270787,0,0,0,0,0
6,related-baselines,ed-mvcc,100,300,5,6000,3172,2828,0,0,272.5662108753918,39.0605,2032.0,0,0.036885245901639344,68.07629255989912,0,0,0,0,0
6,related-baselines,ed-mvcc,100,300,6,6000,3092,2908,0,0,272.3806065008172,39.54683333333333,2048.0,0,0.03783958602846054,70.30659767141009,0,0,0,0,0
6,related-baselines,ed-mvcc,100,300,7,6000,3162,2838,0,0,272.343515954791,40.991,2048.0,0,0.033839342188488296,70.41714104996838,0,0,0,0,0
6,related-baselines,ed-mvcc,100,300,8,6000,3094,2906,0,0,272.66530334015,39.621,2032.0,0,0.041047188106011635,70.9928894634777,0,0,0,0,0
6,related-baselines,ed-mvcc,100,300,9,6000,2904,3096,0,0,272.75206836985177,51.78483333333333,2032.0,0,0.04786501377410468,90.50482093663912,0,0,0,0,0
6,related-baselines,ed-mvcc,100,300,10,6000,3127,2873,0,0,272.7024815925825,43.338166666666666,2048.0,0,0.038055644387591944,75.4218100415734,0,0,0,0,0
6,related-baselines,ed-mvcc,100,500,1,10000,3773,6227,0,0,453.4119247336205,45.4978,2079.0,0,0.03260005300821627,91.54969520275642,0,0,0,0,0
6,related-baselines,ed-mvcc,100,500,2,10000,3739,6261,0,0,453.8440591812653,48.4537,2079.0,0,0.029152179727199787,97.52875100294196,0,0,0,0,0
6,related-baselines,ed-mvcc,100,500,3,10000,3752,6248,0,0,453.6793394428817,46.9172,2062.0,0,0.03331556503198294,93.21535181236673,0,0,0,0,0
6,related-baselines,ed-mvcc,100,500,4,10000,3992,6008,0,0,453.1858968548899,42.2587,2090.0,0,0.029559118236472944,83.27454909819639,0,0,0,0,0
6,related-baselines,ed-mvcc,100,500,5,10000,3875,6125,0,0,453.7205081669692,46.7835,2086.0,0,0.02864516129032258,90.58993548387097,0,0,0,0,0
6,related-baselines,ed-mvcc,100,500,6,10000,3940,6060,0,0,498.52933845156787,45.5736,422.0,0,0.02918781725888325,87.05279187817258,0,0,0,0,0
6,related-baselines,ed-mvcc,100,500,7,10000,3913,6087,0,0,452.67303426734867,45.1254,2113.0,0,0.02811142346026067,88.20828009200102,0,0,0,0,0
6,related-baselines,ed-mvcc,100,500,8,10000,4060,5940,0,0,498.7282429804,44.0989,262.0,0,0.032758620689655175,84.18128078817735,0,0,0,0,0
6,related-baselines,ed-mvcc,100,500,9,10000,3755,6245,0,0,452.7140205532166,48.8228,2110.0,0,0.03968042609853529,95.70838881491345,0,0,0,0,0
6,related-baselines,ed-mvcc,100,500,10,10000,3897,6103,0,0,453.45304493719675,47.2168,2105.0,0,0.02771362586605081,92.22042596869387,0,0,0,0,0
6,related-baselines,pa-vscd,100,300,1,6000,4336,1664,0,0,242.04284158296016,520.373,5519.0,0,546.603090405904,128.38399446494466,1079752,4336,2073,5,7
6,related-baselines,pa-vscd,100,300,2,6000,4401,1599,0,0,242.99368216426373,517.3198333333333,6791.0,0,531.6398545785049,127.83571915473756,1130766,4401,2045,6,13
6,related-baselines,pa-vscd,100,300,3,6000,4497,1503,0,0,223.2890476722117,528.4165,7061.0,0,528.0676006226373,127.98821436513231,1134989,4497,1889,8,17
6,related-baselines,pa-vscd,100,300,4,6000,4561,1439,0,0,242.5614489003881,517.4478333333333,7286.0,0,511.52598114448585,123.73755755316816,1198260,4561,1680,7,16
6,related-baselines,pa-vscd,100,300,5,6000,4555,1445,0,0,263.60880453407145,513.7678333333333,5860.0,0,520.2976948408342,122.61800219538968,1107750,4555,2323,8,5
6,related-baselines,pa-vscd,100,300,6,6000,4570,1430,0,0,223.61359570661895,515.154,8562.0,0,514.5553610503282,123.58949671772429,1150581,4570,1883,7,9
6,related-baselines,pa-vscd,100,300,7,6000,4513,1487,0,0,224.58451864051503,520.7618333333334,7081.0,0,522.6849102592511,127.04919122534899,1093197,4513,2098,10,12
6,related-baselines,pa-vscd,100,300,8,6000,4356,1644,0,0,241.27392633102784,527.29,6724.0,0,545.0500459136823,131.97314049586777,1141904,4356,1782,6,17
6,related-baselines,pa-vscd,100,300,9,6000,4470,1530,0,0,208.80459370106144,525.0093333333333,9465.0,0,523.8402684563758,129.6,1152037,4470,1956,6,20
6,related-baselines,pa-vscd,100,300,10,6000,4149,1851,0,0,240.9541785470463,527.9278333333333,5515.0,0,578.590744757773,135.589057604242,1071115,4149,1706,11,12
6,related-baselines,pa-vscd,100,500,1,10000,3963,6037,0,0,374.3775972445809,339.4423,7018.0,0,615.1284380519809,143.3961645218269,1072337,3963,1910,82,24
6,related-baselines,pa-vscd,100,500,2,10000,3975,6025,0,0,372.7032164287578,342.6584,6983.0,0,628.114465408805,144.0566037735849,1109396,3975,1964,69,17
6,related-baselines,pa-vscd,100,500,3,10000,4267,5733,0,0,373.76191366099795,336.3283,6995.0,0,585.5162877900163,130.95781579564095,1229877,4267,1899,64,16
6,related-baselines,pa-vscd,100,500,4,10000,4453,5547,0,0,404.74359493261016,332.4612,5545.0,0,559.0417695935324,126.8044015270604,1244204,4453,2230,41,12
6,related-baselines,pa-vscd,100,500,5,10000,4225,5775,0,0,374.0974898058434,337.1231,7140.0,0,579.8792899408284,135.81704142011833,1151378,4225,1828,89,20
6,related-baselines,pa-vscd,100,500,6,10000,3894,6106,0,0,373.46877801015836,339.6948,7028.0,0,617.1132511556241,146.37467899332307,1073224,3894,1783,77,32
6,related-baselines,pa-vscd,100,500,7,10000,3873,6127,0,0,401.7839206074973,345.3449,6349.0,0,640.1830622256649,147.1117996385231,1080121,3873,1717,50,26
6,related-baselines,pa-vscd,100,500,8,10000,3935,6065,0,0,373.88768413968444,338.6745,7533.0,0,630.3773824650572,144.13240152477763,1059958,3935,2127,59,18
6,related-baselines,pa-vscd,100,500,9,10000,3988,6012,0,0,401.89695362109154,337.7977,6716.0,0,621.7311935807422,138.0,1158953,3988,1745,57,15
6,related-baselines,pa-vscd,100,500,10,10000,3920,6080,0,0,373.6781136728822,346.0342,7132.0,0,634.2573979591837,143.83188775510203,1162169,3920,1729,63,31
6,related-baselines,traditional-lock,100,300,1,6000,1946,3209,845,0,223.3139794551139,1869.6398333333334,7249.0,0,3099.7589928057555,401.7261048304214,0,0,0,0,0
6,related-baselines,traditional-lock,100,300,2,6000,2009,3133,858,0,225.74212724331238,1863.9526666666666,7302.0,0,2972.0497760079643,389.8203086112494,0,0,0,0,0
6,related-baselines,traditional-lock,100,300,3,6000,2047,3122,831,0,225.3859734795838,1853.6243333333334,7001.0,0,2965.390327308256,381.9125549584758,0,0,0,0,0
6,related-baselines,traditional-lock,100,300,4,6000,2038,3137,825,0,226.8688320036299,1863.5113333333334,6774.0,0,3015.0510304219824,383.54612365063787,0,0,0,0,0
6,related-baselines,traditional-lock,100,300,5,6000,2018,3137,845,0,224.07289838294056,1860.6141666666667,7236.0,0,2986.5004955401387,387.3790882061447,0,0,0,0,0
6,related-baselines,traditional-lock,100,300,6,6000,2019,3130,851,0,227.0233455673692,1848.7085,7082.0,0,2948.947498761763,386.7434373452204,0,0,0,0,0
6,related-baselines,traditional-lock,100,300,7,6000,1964,3212,824,0,226.93747872461137,1850.4115,7072.0,0,3103.265784114053,393.4521384928717,0,0,0,0,0
6,related-baselines,traditional-lock,100,300,8,6000,2049,3092,859,0,226.05681561299073,1866.4256666666668,7294.0,0,2925.2820888238166,382.4616886285993,0,0,0,0,0
6,related-baselines,traditional-lock,100,300,9,6000,1979,3194,827,0,226.02275295713102,1853.248,7262.0,0,3073.769075290551,393.96513390601314,0,0,0,0,0
6,related-baselines,traditional-lock,100,300,10,6000,2225,2968,807,0,222.53542022105185,1859.4513333333334,7215.0,0,2817.452584269663,348.16898876404497,0,0,0,0,0
6,related-baselines,traditional-lock,100,500,1,10000,2186,6970,844,0,374.7564083345825,1154.1638,7219.0,0,2948.4094236047576,354.09560841720037,0,0,0,0,0
6,related-baselines,traditional-lock,100,500,2,10000,1966,7134,900,0,373.53853049942103,1143.1584,7139.0,0,3044.5198372329605,391.87843336724313,0,0,0,0,0
6,related-baselines,traditional-lock,100,500,3,10000,1928,7127,945,0,376.4209892343597,1147.4454,7308.0,0,2980.022302904564,401.52385892116183,0,0,0,0,0
6,related-baselines,traditional-lock,100,500,4,10000,1967,7117,916,0,374.251497005988,1149.5588,7140.0,0,3023.189120488053,391.85002541942043,0,0,0,0,0
6,related-baselines,traditional-lock,100,500,5,10000,1927,7154,919,0,380.7203228508338,1146.5322,6912.0,0,3075.4935132330047,396.7067981318111,0,0,0,0,0
6,related-baselines,traditional-lock,100,500,6,10000,1971,7105,924,0,368.02590902399527,1153.4388,7238.0,0,3040.353120243531,389.4540842212075,0,0,0,0,0
6,related-baselines,traditional-lock,100,500,7,10000,1915,7165,920,0,372.0099698671924,1153.5935,7038.0,0,3095.9185378590078,405.8574412532637,0,0,0,0,0
6,related-baselines,traditional-lock,100,500,8,10000,1936,7137,927,0,375.00937523438085,1144.6624,7248.0,0,3021.1203512396696,396.49535123966945,0,0,0,0,0
6,related-baselines,traditional-lock,100,500,9,10000,1909,7190,901,0,380.38723420442005,1145.8351,7367.0,0,3125.5018334206393,403.2676794133054,0,0,0,0,0
6,related-baselines,traditional-lock,100,500,10,10000,1939,7124,937,0,377.6720296094871,1152.1008,7035.0,0,3009.5348117586386,399.63537906137185,0,0,0,0,0
